id_id,id_n_id,id_time,id_meter_id,id_stand_energy_kirim,KwH,KwH per Hari,id_stand_energy_terima,id_v1,id_v2,id_v3,id_i1,id_i2,id_i3,id_frequency,id_power_factor,id_create_date,updated_at,created_at,reactive_energy_import,reactive_energy_export,apparent_energy_import,apparent_energy_export,rssi,lokasi,resample_date,data_points_count
604980,15,1/1/2024,251400271,44332369.11,4433.24,,0,226.5365854,227.2195122,229.2926829,6.37398374,3,4.764227642,50.00308943,0.811221951,1/1/2024 23:50,1/1/2024 23:50,1/1/2024 23:50,21446802.89,986596.1138,52353298.07,0,-114.5447154,96,1/1/2024,1
608763,15,1/2/2024,251400271,44875488.61,4487.55,54.31,0,226.3797468,226.443038,228.7088608,4.050632911,3.291139241,4.341772152,49.99962025,0.736082278,1/2/2024 23:40,1/2/2024 23:40,1/2/2024 23:40,21688308.16,990903.5823,52977673.78,0,-116.3797468,96,1/2/2024,1
612407,15,1/3/2024,251400271,45442097.73,4544.21,56.66,0,228.3863636,229.4318182,231.1590909,5.931818182,3.886363636,5.295454545,50.01022727,0.834831818,1/3/2024 23:50,1/3/2024 23:50,1/3/2024 23:50,21926828.66,996302.7273,53618672.8,0,-112.9545455,96,1/3/2024,1
615929,15,1/4/2024,251400271,45961119.66,4596.11,51.90,0,225.9487179,226.6923077,228.0769231,3.05982906,1.888888889,3.068376068,49.99871795,0.700807692,1/4/2024 22:20,1/4/2024 22:20,1/4/2024 22:20,22178587.53,1006199.368,54229272.49,0,-113.7179487,96,1/4/2024,1
620343,15,1/5/2024,251400271,46359858.89,4635.99,39.87,0,226.0888889,226.2888889,228,1.188888889,0.711111111,1.655555556,50.01988889,0.636481111,1/5/2024 23:50,1/5/2024 23:50,1/5/2024 23:50,22430744.29,1015532.8,54728742.03,0,-114.4,96,1/5/2024,1
623026,15,1/6/2024,251400271,46589312.3,4658.93,22.95,0,228.352459,228.5737705,230.2868852,3.81147541,2.893442623,3.975409836,50.02163934,0.782432787,1/6/2024 23:49,1/6/2024 23:49,1/6/2024 23:49,22556094.43,1029030.664,55012158.03,0,-115.9672131,96,1/6/2024,1
626651,15,1/7/2024,251400271,47079540.15,4707.95,49.02,0,227.9469697,228.1363636,229.9242424,3.560606061,2.848484848,3.810606061,50.00643939,0.710768182,1/7/2024 23:49,1/7/2024 23:49,1/7/2024 23:49,22908786.05,1032150.477,55637342.68,0,-115.1515152,96,1/7/2024,1
630407,15,1/8/2024,251400271,47592464.57,4759.25,51.29,0,225.7637795,226.2204724,227.9527559,4.078740157,2.866141732,4.125984252,50.01543307,0.752275591,1/8/2024 23:49,1/8/2024 23:49,1/8/2024 23:49,23245126.24,1035619.811,56274258.83,0,-113.1889764,96,1/8/2024,1
634302,15,1/9/2024,251400271,48106833.33,4810.68,51.44,0,226.1382114,226.6829268,228.2601626,5.130081301,4.032520325,5.300813008,50.00764228,0.729552033,1/9/2024 23:50,1/9/2024 23:50,1/9/2024 23:50,23567836.97,1040171.366,56906449.2,0,-115.8292683,96,1/9/2024,1
638016,15,1/10/2024,251400271,48815750,4881.58,70.89,0,227.3680556,227.5972222,229.2986111,3.159722222,2.145833333,3.020833333,50.01951389,0.680990972,1/10/2024 23:49,1/10/2024 23:49,1/10/2024 23:49,23977585.53,1045514.333,57753223.61,0,-113.3541667,96,1/10/2024,1
642375,15,1/11/2024,251400271,49070247.54,4907.02,25.45,0,227.0786885,227.4327869,229.1606557,2.531147541,0.895081967,2.101639344,50.01711475,0.723493443,1/11/2024 23:49,1/11/2024 23:49,1/11/2024 23:49,24084750.61,1055567.489,58050754.74,0,-113.6393443,96,1/11/2024,1
651505,15,1/12/2024,251400271,49301085.61,4930.11,23.08,0,226.9621212,227.2727273,228.8787879,1.446969697,0.371212121,1.803030303,50.00590909,0.697963636,1/12/2024 23:50,1/12/2024 23:50,1/12/2024 23:50,24156162.29,1073955.583,58317700.39,0,-113.9015152,96,1/12/2024,1
659325,15,1/13/2024,251400271,49507413.49,4950.74,20.63,0,227.8015873,227.8333333,229.5238095,2.365079365,1.468253968,3.182539683,50.00555556,0.784615873,1/13/2024 23:49,1/13/2024 23:49,1/13/2024 23:49,24211880.67,1096397.175,58556483.25,0,-114.5634921,96,1/13/2024,1
667011,15,1/14/2024,251400271,49898169.23,4989.82,39.08,0,227.2230769,227.3615385,229.0538462,3.938461538,2.646153846,4.284615385,50.00546154,0.797978462,1/14/2024 23:50,1/14/2024 23:50,1/14/2024 23:50,24405125.88,1111491.823,59023732.27,0,-114.8692308,96,1/14/2024,1
674647,15,1/15/2024,251400271,50377021.43,5037.70,47.89,0,226.1984127,226.8253968,228.7460317,4.357142857,2.420634921,3.928571429,50.02015873,0.791315873,1/15/2024 23:50,1/15/2024 23:50,1/15/2024 23:50,24652756.29,1121531.81,59594180.92,0,-114.1031746,96,1/15/2024,1
682057,15,1/16/2024,251400271,51072164,5107.22,69.51,0,225.888,226.488,227.912,6.168,3.056,5.2,50.01744,0.7695584,1/16/2024 23:50,1/16/2024 23:50,1/16/2024 23:50,24990472.14,1127130.528,60401371.47,0,-115.544,96,1/16/2024,1
689461,15,1/17/2024,251400271,51598796.73,5159.88,52.66,0,226.7589286,226.7321429,228.4791667,3.107142857,2.392857143,3.803571429,50.01904762,0.707803274,1/17/2024 22:19,1/17/2024 22:19,1/17/2024 22:19,25256513.91,1132274.786,61021189.88,0,-114.4821429,96,1/17/2024,1
703583,15,1/18/2024,251400271,52080609.76,5208.06,48.18,0,226.2195122,225.6219512,227.9634146,1.475609756,1.292682927,2.317073171,50.01414634,0.632018293,1/18/2024 22:29,1/18/2024 22:29,1/18/2024 22:29,25574928,1137054.78,61624994.77,0,-111.2804878,96,1/18/2024,1
716695,15,1/19/2024,251400271,52338171.11,5233.82,25.76,0,226.7,226.5333333,228.3333333,1.066666667,0.888888889,1.911111111,50.00366667,0.633776667,1/19/2024 23:49,1/19/2024 23:49,1/19/2024 23:49,25710216.2,1145340.078,61935528.58,0,-111.3333333,96,1/19/2024,1
727335,15,1/20/2024,251400271,52466612.61,5246.66,12.84,0,227.5042017,227.7226891,228.9579832,0.87394958,0.638655462,1.663865546,50.00210084,0.628644538,1/20/2024 23:50,1/20/2024 23:50,1/20/2024 23:50,25764894.38,1154771.454,62090678.97,0,-105.0168067,96,1/20/2024,1
741843,15,1/21/2024,251400271,52820863.49,5282.09,35.43,0,227.8412698,228.2619048,229.6666667,4.785714286,3.746031746,5,50.00960317,0.809384127,1/21/2024 23:49,1/21/2024 23:49,1/21/2024 23:49,25945256.6,1165584.286,62510015.7,0,-105.6111111,96,1/21/2024,1
755511,15,1/22/2024,251400271,53349926.67,5334.99,52.91,0,226.775,226.9833333,228.55,5.775,3.066666667,5.370833333,50.02075,0.810384167,1/22/2024 23:50,1/22/2024 23:50,1/22/2024 23:50,26265636.45,1167790.433,63149782.78,0,-108.5166667,96,1/22/2024,1
763497,15,1/23/2024,251400271,53891120.1,5389.11,54.12,0,226.0670103,226.6185567,228.5154639,3.659793814,3.103092784,4.525773196,50.01778351,0.688383505,1/23/2024 23:49,1/23/2024 23:49,1/23/2024 23:49,26554620.16,1176502.294,63797638.35,0,-108.4536082,96,1/23/2024,1
769243,15,1/24/2024,251400271,54400031.24,5440.00,50.89,0,226.0351201,226.0573013,228.0277264,2.994454713,2.197781885,4.083179298,50.01545287,0.703689094,1/24/2024 23:49,1/24/2024 23:49,1/24/2024 23:49,26873722.67,1180863.924,64425069.54,0,-110.0203327,96,1/24/2024,1
786186,15,1/25/2024,251400271,54891821.71,5489.18,49.18,0,226.5581395,226.4496124,228.3410853,5.651162791,4.829457364,6.317829457,50.01356589,0.729282171,1/25/2024 23:49,1/25/2024 23:49,1/25/2024 23:49,27186431.54,1184583.302,65031376.99,0,-110.6124031,96,1/25/2024,1
805359,15,1/26/2024,251400271,55525173.08,5552.52,63.34,0,226.6301775,226.9319527,228.8136095,3.74260355,2.715976331,4.233727811,50.00976331,0.750950296,1/26/2024 23:39,1/26/2024 23:39,1/26/2024 23:39,27624762.99,1188773.388,65823617.9,0,-110.387574,96,1/26/2024,1
815534,15,1/27/2024,251400271,56008546.67,5600.85,48.34,0,228.6333333,228.9444444,230.5777778,3.144444444,2.488888889,3.788888889,50.01377778,0.791447778,1/27/2024 23:49,1/27/2024 23:49,1/27/2024 23:49,27889735.26,1197840.756,66402596.43,0,-111.0555556,96,1/27/2024,1
819123,15,1/28/2024,251400271,56423047.5,5642.30,41.45,0,228.1125,228.5625,230.2375,3.575,2.4,4.25,50.017375,0.79964875,1/28/2024 23:49,1/28/2024 23:49,1/28/2024 23:49,28126262.94,1210502.45,66905371.9,0,-113.1625,96,1/28/2024,1
822930,15,1/29/2024,251400271,57073029.01,5707.30,65.00,0,226.7175573,227.1603053,228.7328244,5.022900763,3.480916031,6.13740458,50.01465649,0.815153435,1/29/2024 23:49,1/29/2024 23:49,1/29/2024 23:49,28487301.99,1214477.809,67678742.07,0,-112.0916031,96,1/29/2024,1
826670,15,1/30/2024,251400271,57705388.89,5770.54,63.24,0,226.6904762,226.9206349,228.2936508,3.103174603,2.222222222,5.603174603,50.01198413,0.805146032,1/30/2024 23:49,1/30/2024 23:49,1/30/2024 23:49,28796205.5,1222554.619,68416159,0,-109.4761905,96,1/30/2024,1
830505,15,1/31/2024,251400271,58059048.75,5805.90,35.37,0,226.7125,226.825,228.375,1.875,0.4,4.2125,50.016375,0.8657175,1/31/2024 23:49,1/31/2024 23:49,1/31/2024 23:49,28911767.44,1235808.125,68815317.19,0,-111.4625,96,1/31/2024,1
834375,15,2/1/2024,251400271,58510175.57,5851.02,45.11,0,226.6335878,226.870229,228.4274809,2.213740458,0.610687023,3.564885496,50.00549618,0.779838168,2/1/2024 23:49,2/1/2024 23:49,2/1/2024 23:49,29025239.11,1257194.878,69317954.92,0,-111,96,2/1/2024,1
838396,15,2/2/2024,251400271,58830398.65,5883.04,32.02,0,228.6486486,228.5135135,230.3108108,1.783783784,1.121621622,3.581081081,50.01486486,0.776074324,2/2/2024 22:29,2/2/2024 22:29,2/2/2024 22:29,29094991.23,1279107.486,69674600.82,0,-111.8378378,96,2/2/2024,1
843361,15,2/3/2024,251400271,59256559.04,5925.66,42.62,0,228.9638554,229.0722892,230.3253012,1.590361446,0.963855422,4.024096386,50.00879518,0.808428916,2/3/2024 22:29,2/3/2024 22:29,2/3/2024 22:29,29254097.7,1291922.06,70160203.55,0,-109.9036145,96,2/3/2024,1
847169,15,2/4/2024,251400271,59691323.91,5969.13,43.48,0,227.1956522,227.3369565,228.9021739,3.739130435,2.576086957,4.967391304,50.00891304,0.807071739,2/4/2024 23:49,2/4/2024 23:49,2/4/2024 23:49,29458061.53,1302501.261,70668696.91,0,-108.0543478,96,2/4/2024,1
850053,15,2/5/2024,251400271,60238017.58,6023.80,54.67,0,228.4285714,228.6043956,230.2967033,1.934065934,1.098901099,3.450549451,50.00681319,0.798008791,2/5/2024 22:19,2/5/2024 22:19,2/5/2024 22:19,29674948.29,1310429.352,71287402.24,0,-110.3186813,96,2/5/2024,1
858194,15,2/6/2024,251400271,60791373.91,6079.14,55.34,0,228.3913043,228.6521739,230.0652174,2.413043478,1.565217391,4.608695652,50.01847826,0.822052174,2/6/2024 23:49,2/6/2024 23:49,2/6/2024 23:49,29868500.3,1319620,71907397,0,-109.1304348,96,2/6/2024,1
859722,15,2/7/2024,251400271,60979758.4,6097.98,18.84,0,227.112,227,228.736,0.744,0.16,3.552,50.01568,0.7886496,2/7/2024 22:29,2/7/2024 22:29,2/7/2024 22:29,29904754.68,1332075.984,72117501.42,0,-112.448,96,2/7/2024,1
864588,15,2/8/2024,251400271,61278844.05,6127.88,29.91,0,227.5119048,227.7142857,228.9285714,3.702380952,2.904761905,5.511904762,50.02404762,0.820342857,2/8/2024 22:29,2/8/2024 22:29,2/8/2024 22:29,29969169.24,1354741.548,72451919.48,0,-115.2619048,96,2/8/2024,1
869792,15,2/9/2024,251400271,62243455.32,6224.35,96.46,0,226.9574468,227.3191489,228.6595745,8.723404255,7.893617021,10.06382979,50.01085106,0.812753191,2/9/2024 23:49,2/9/2024 23:49,2/9/2024 23:49,30576848.57,1356893,73621491.57,0,-115.4042553,96,2/9/2024,1
871304,15,2/10/2024,251400271,62815350.82,6281.54,57.19,0,227.9508197,228.0983607,229.4590164,5.12295082,4.524590164,7.163934426,50.02557377,0.814218852,2/10/2024 23:49,2/10/2024 23:49,2/10/2024 23:49,30951541.16,1357072.443,74321681.83,0,-113.442623,96,2/10/2024,1
875157,15,2/11/2024,251400271,63405823.53,6340.58,59.05,0,228.6666667,228.8431373,230.3921569,5.941176471,5.039215686,7.529411765,50.01470588,0.807839216,2/11/2024 16:29,2/11/2024 16:29,2/11/2024 16:29,31312736.67,1358701.784,75034409.75,0,-113.745098,96,2/11/2024,1
877938,15,2/12/2024,251400271,64741921.88,6474.19,133.61,0,227.28125,227.125,229.484375,2.65625,0.8125,5.40625,50.01953125,0.9240625,2/12/2024 23:39,2/12/2024 23:39,2/12/2024 23:39,32034233.3,1365501.078,76618109.98,0,-114.0625,96,2/12/2024,1
880261,15,2/13/2024,251400271,65130293.59,6513.03,38.84,0,226.3076923,227.3717949,228.8333333,4.217948718,3.217948718,6.08974359,50.02333333,0.888108974,2/13/2024 23:49,2/13/2024 23:49,2/13/2024 23:49,32155123.05,1370027.628,77043542.12,0,-113.6666667,96,2/13/2024,1
884327,15,2/14/2024,251400271,65896634.96,6589.66,76.63,0,227.3414634,228.5447154,229.6260163,4.479674797,3.658536585,6.390243902,50.01211382,0.84972439,2/14/2024 23:49,2/14/2024 23:49,2/14/2024 23:49,32486795.24,1377894.707,77915744.63,0,-110.2113821,96,2/14/2024,1
888574,15,2/15/2024,251400271,66615639.53,6661.56,71.90,0,225.9302326,227.0852713,228.6356589,4.11627907,2.658914729,6.046511628,50.01465116,0.844113178,2/15/2024 23:49,2/15/2024 23:49,2/15/2024 23:49,32856014.83,1382919.612,78753690.47,0,-110.0542636,96,2/15/2024,1
892715,15,2/16/2024,251400271,67021229.46,6702.12,40.56,0,226.4496124,227.5503876,228.8604651,1.620155039,0.248062016,3.798449612,50.01968992,0.798962016,2/16/2024 23:49,2/16/2024 23:49,2/16/2024 23:49,32979107.53,1396889.496,79205243.13,0,-105.9457364,96,2/16/2024,1
896596,15,2/17/2024,251400271,67334782.44,6733.48,31.36,0,228.259542,228.7099237,229.8778626,2.122137405,1.488549618,5.030534351,50.01473282,0.868977099,2/17/2024 23:49,2/17/2024 23:49,2/17/2024 23:49,33024539.22,1414805.298,79541922.4,0,-103.1984733,96,2/17/2024,1
900703,15,2/18/2024,251400271,67712373.85,6771.24,37.76,0,227.7076923,227.8461538,229.2307692,2.661538462,1.938461538,4.561538462,50.01846154,0.838077692,2/18/2024 23:49,2/18/2024 23:49,2/18/2024 23:49,33144048.63,1431705.085,79961971.95,0,-105.6,96,2/18/2024,1
904699,15,2/19/2024,251400271,68363073.39,6836.31,65.07,0,226.8064516,226.8548387,228.4112903,3.870967742,3.185483871,7,50.01403226,0.859421774,2/19/2024 23:49,2/19/2024 23:49,2/19/2024 23:49,33429873.31,1439260.411,80703316.33,0,-108.9677419,96,2/19/2024,1
908812,15,2/20/2024,251400271,69093859.84,6909.39,73.08,0,226.2786885,226.204918,228,4.524590164,2.68852459,6.303278689,50.02106557,0.821555738,2/20/2024 23:39,2/20/2024 23:39,2/20/2024 23:39,33775903.81,1443523.033,81547757.14,0,-110.204918,96,2/20/2024,1
913043,15,2/21/2024,251400271,69635067.95,6963.51,54.12,0,228.5897436,228.3461538,230.2307692,3.461538462,1.846153846,4.820512821,50.00846154,0.802803846,2/21/2024 22:09,2/21/2024 22:09,2/21/2024 22:09,33982157.13,1450610.513,82163366.77,0,-113.025641,96,2/21/2024,1
917514,15,2/22/2024,251400271,70219741.18,7021.97,58.47,0,225.0196078,225.1568627,226.9215686,2.049019608,0.980392157,4.637254902,50.01117647,0.742489216,2/22/2024 23:49,2/22/2024 23:49,2/22/2024 23:49,34171963.01,1457757.775,82812129.4,0,-112,96,2/22/2024,1
920295,15,2/23/2024,251400271,70545381.89,7054.54,32.56,0,226.6692913,226.3858268,227.976378,2.196850394,1.330708661,5.527559055,50.01047244,0.850101575,2/23/2024 23:49,2/23/2024 23:49,2/23/2024 23:49,34257073.46,1470447.504,83172908.63,0,-114.6141732,96,2/23/2024,1
924197,15,2/24/2024,251400271,70911943.02,7091.19,36.66,0,227.0930233,227.4069767,228.5465116,2.151162791,1.209302326,3.965116279,50.00918605,0.866481395,2/24/2024 23:49,2/24/2024 23:49,2/24/2024 23:49,34369857.06,1489514.849,83582657.12,0,-115.0465116,96,2/24/2024,1
928169,15,2/25/2024,251400271,71545372.73,7154.54,63.34,0,228.1363636,228.125,229.4545455,5.261363636,4.306818182,6.795454545,50.01761364,0.820971591,2/25/2024 23:49,2/25/2024 23:49,2/25/2024 23:49,34684435.36,1499407.307,84320067.65,0,-116.4772727,96,2/25/2024,1
932171,15,2/26/2024,251400271,72464180.3,7246.42,91.88,0,226.719697,226.8030303,228.5681818,3.28030303,2.424242424,5.068181818,50.01424242,0.827631061,2/26/2024 23:49,2/26/2024 23:49,2/26/2024 23:49,35230647.89,1503640.008,85430054.92,0,-114.7727273,96,2/26/2024,1
936280,15,2/27/2024,251400271,72804929.41,7280.49,34.07,0,227.9411765,228.2352941,229.8529412,3.352941176,2.470588235,4.647058824,50.05029412,0.799270588,2/27/2024 5:59,2/27/2024 5:59,2/27/2024 5:59,35372703.85,1509478.706,85822237.29,0,-111.0294118,96,2/27/2024,1
943335,15,2/28/2024,251400271,73529577.01,7352.96,72.46,0,226.2988506,226.0689655,227.8045977,0.620689655,1.873563218,4.114942529,50.01390805,0.837082759,2/28/2024 22:09,2/28/2024 22:09,2/28/2024 22:09,35628253.18,1520383.08,86639401.51,0,-114.4942529,96,2/28/2024,1
950969,15,2/29/2024,251400271,73944823.26,7394.48,41.52,0,227.0930233,227.0813953,228.4418605,0.197674419,0.093023256,5.11627907,50.00930233,0.857865116,2/29/2024 22:09,2/29/2024 22:09,2/29/2024 22:09,35720167.31,1533687.686,87095475.13,0,-112.3139535,96,2/29/2024,1
958745,15,3/1/2024,251400271,74114178.43,7411.42,16.94,0,225.5196078,225.754902,227.4019608,0.735294118,0.117647059,3.058823529,50.01068627,0.722595098,3/1/2024 22:09,3/1/2024 22:09,3/1/2024 22:09,35721943.47,1543993.284,87276124.33,0,-113.0588235,96,3/1/2024,1
963154,15,3/2/2024,251400271,74372520.37,7437.25,25.83,0,226.8703704,227.5740741,228.5740741,3.481481481,2.796296296,5.018518519,50.02222222,0.787822222,3/2/2024 23:49,3/2/2024 23:49,3/2/2024 23:49,35805964.19,1556081.407,87571853.81,0,-112.6666667,96,3/2/2024,1
965921,15,3/3/2024,251400271,74840031.2,7484.00,46.75,0,227.176,227.6,228.688,3.904,2.888,5.128,50.01368,0.803928,3/3/2024 23:49,3/3/2024 23:49,3/3/2024 23:49,36052511.35,1565520.296,88129508.71,0,-113.24,96,3/3/2024,1
969725,15,3/4/2024,251400271,75449312.79,7544.93,60.93,0,228.0813953,228.2093023,229.872093,3.976744186,3.453488372,5.360465116,49.99825581,0.838775581,3/4/2024 23:49,3/4/2024 23:49,3/4/2024 23:49,36332991.26,1572629.105,88836755.21,0,-115.0232558,96,3/4/2024,1
973875,15,3/5/2024,251400271,75987059.76,7598.71,53.77,0,226.195122,226.1219512,227.6707317,4.658536585,2.682926829,7.743902439,49.99695122,0.880910976,3/5/2024 14:09,3/5/2024 14:09,3/5/2024 14:09,36565198.38,1576330.256,89454397.94,0,-115.7439024,96,3/5/2024,1
978809,15,3/6/2024,251400271,76522086.54,7652.21,53.50,0,224.4423077,224.3269231,225.9038462,1.961538462,1.173076923,4.576923077,50.01192308,0.7898,3/6/2024 23:49,3/6/2024 23:49,3/6/2024 23:49,36714300.12,1586139.135,90049311.25,0,-113.1346154,96,3/6/2024,1
981901,15,3/7/2024,251400271,76965085.83,7696.51,44.30,0,226.8661417,226.9448819,228.1889764,4.157480315,3.708661417,6.551181102,50.01228346,0.837791339,3/7/2024 23:49,3/7/2024 23:49,3/7/2024 23:49,36877030.65,1593681.102,90552787.75,0,-111.8740157,96,3/7/2024,1
985622,15,3/8/2024,251400271,77618231.58,7761.82,65.31,0,225.9385965,226.1666667,227.5526316,3.464912281,2.175438596,3.763157895,50.01508772,0.814085965,3/8/2024 22:09,3/8/2024 22:09,3/8/2024 22:09,37151243.36,1600068.061,91297409.89,0,-114.8333333,96,3/8/2024,1
990522,15,3/9/2024,251400271,78043510.53,7804.35,42.53,0,227.7052632,228.2736842,229.3578947,4.294736842,1.378947368,3.326315789,50.01178947,0.864389474,3/9/2024 23:49,3/9/2024 23:49,3/9/2024 23:49,37243108.94,1620547.842,91760302.87,0,-117.2421053,96,3/9/2024,1
993626,15,3/10/2024,251400271,78383616.8,7838.36,34.01,0,228.032,228.376,229.504,3.496,2.656,4.856,50.01912,0.8119888,3/10/2024 23:49,3/10/2024 23:49,3/10/2024 23:49,37362747.93,1634866.104,92146332.6,0,-115.152,96,3/10/2024,1
997567,15,3/11/2024,251400271,78947406.25,7894.74,56.38,0,228.2265625,228.546875,229.796875,4.09375,3.5234375,5.875,50.02007813,0.824848437,3/11/2024 23:49,3/11/2024 23:49,3/11/2024 23:49,37685213.44,1640783.867,92821924.96,0,-115.03125,96,3/11/2024,1
1001476,15,3/12/2024,251400271,79642811.9,7964.28,69.54,0,227.3968254,227.7380952,228.8650794,5.142857143,4.674603175,7.277777778,50.01253968,0.821334921,3/12/2024 23:49,3/12/2024 23:49,3/12/2024 23:49,38104154.68,1641787.913,93657590.52,0,-114.8888889,96,3/12/2024,1
1005563,15,3/13/2024,251400271,80389453.39,8038.95,74.66,0,226.6440678,226.7542373,228.0338983,3.940677966,2.56779661,6.322033898,50.02,0.85735339,3/13/2024 22:09,3/13/2024 22:09,3/13/2024 22:09,38501804.69,1643799.864,94533291.58,0,-111.4745763,96,3/13/2024,1
1011894,15,3/14/2024,251400271,81156901.92,8115.69,76.74,0,228,228.1346154,229.4615385,4.019230769,3.365384615,5.769230769,50.01115385,0.799384615,3/14/2024 23:49,3/14/2024 23:49,3/14/2024 23:49,38840460.98,1651027.019,95419278.81,0,-111.4807692,96,3/14/2024,1
1013572,15,3/15/2024,251400271,81508779.49,8150.88,35.19,0,226.4188034,226.5982906,228.2478632,2.299145299,1.538461538,2.897435897,50.01299145,0.66742735,3/15/2024 23:49,3/15/2024 23:49,3/15/2024 23:49,39060931.5,1653597.479,95851401.51,0,-108.5299145,96,3/15/2024,1
1019792,15,3/16/2024,251400271,81730248.03,8173.02,22.15,0,228.511811,228.7086614,229.8188976,1.582677165,0.700787402,2.921259843,50.00173228,0.834433858,3/16/2024 23:49,3/16/2024 23:49,3/16/2024 23:49,39109963.32,1673077.614,96100172.26,0,-109.4094488,96,3/16/2024,1
1027802,15,3/17/2024,251400271,82070350,8207.04,34.01,0,227.6097561,227.8536585,229.0609756,2.780487805,2.890243902,5.06097561,50.01097561,0.817835366,3/17/2024 23:39,3/17/2024 23:39,3/17/2024 23:39,39253791.94,1683169.305,96488678.87,0,-112.0365854,96,3/17/2024,1
1035514,15,3/18/2024,251400271,82560191.03,8256.02,48.98,0,228.2179487,228.4230769,229.6538462,4.435897436,2.320512821,5.961538462,50.00512821,0.893551282,3/18/2024 22:09,3/18/2024 22:09,3/18/2024 22:09,39404018.6,1695223.897,97031147.56,0,-112.8717949,96,3/18/2024,1
1045202,15,3/19/2024,251400271,83205257.89,8320.53,64.51,0,225.9097744,226.1428571,227.0075188,5.293233083,3.413533835,9.22556391,50.0056391,0.903478195,3/19/2024 22:09,3/19/2024 22:09,3/19/2024 22:09,39617569.98,1708122.173,97750769.49,0,-113.0526316,96,3/19/2024,1
1052053,15,3/20/2024,251400271,84015168.57,8401.52,80.99,0,227.3714286,227.5714286,228.9428571,2.171428571,1.714285714,4.285714286,50.01657143,0.807014286,3/20/2024 23:49,3/20/2024 23:49,3/20/2024 23:49,39934789.23,1718283.029,98661407.14,0,-114.0857143,96,3/20/2024,1
1053162,15,3/21/2024,251400271,84386714.1,8438.67,37.15,0,228.5128205,228.5128205,230.2179487,4.743589744,3.897435897,6.923076923,50.0174359,0.824365385,3/21/2024 23:49,3/21/2024 23:49,3/21/2024 23:49,40076852.36,1724494.808,99083521.92,0,-114.4871795,96,3/21/2024,1
1057235,15,3/22/2024,251400271,84925337.69,8492.53,53.86,0,227.2538462,227.2769231,228.8846154,2.223076923,2.169230769,4.776923077,50.00946154,0.786683846,3/22/2024 23:49,3/22/2024 23:49,3/22/2024 23:49,40323718.73,1730077.638,99705964.69,0,-113.3153846,96,3/22/2024,1
1060587,15,3/23/2024,251400271,85608717.91,8560.87,68.34,0,227.5298507,227.9925373,229.4104478,5.791044776,5.47761194,7.582089552,50.02126866,0.784667164,3/23/2024 23:39,3/23/2024 23:39,3/23/2024 23:39,40671151.55,1734005.067,100498553.6,0,-112.2462687,96,3/23/2024,1
1064383,15,3/24/2024,251400271,86414820.78,8641.48,80.61,0,227.9480519,228.5324675,229.8571429,5.61038961,4.38961039,6.87012987,50.00636364,0.815972727,3/24/2024 23:49,3/24/2024 23:49,3/24/2024 23:49,41153532.56,1734386,101462571.4,0,-109.3246753,96,3/24/2024,1
1070759,15,3/25/2024,251400271,87126746.09,8712.67,71.19,0,226.171875,226.5,228.4609375,3.7265625,3.1015625,3.015625,50.01257813,0.73793125,3/25/2024 23:49,3/25/2024 23:49,3/25/2024 23:49,41538492.5,1737054.266,102302664.5,0,-106.8203125,96,3/25/2024,1
1077059,15,3/26/2024,251400271,87517237.08,8751.72,39.05,0,226.9101124,227.1348315,229.1910112,4.539325843,4.853932584,3.865168539,50.00719101,0.802298876,3/26/2024 23:49,3/26/2024 23:49,3/26/2024 23:49,41694110.88,1748600.753,102755369.3,0,-106.247191,96,3/26/2024,1
1083477,15,3/27/2024,251400271,87996372.09,8799.64,47.91,0,228.8372093,228.9069767,230.8837209,1.395348837,1.674418605,1.046511628,50.0155814,0.684906977,3/27/2024 23:49,3/27/2024 23:49,3/27/2024 23:49,41884892.26,1761061.163,103315607,0,-106.5581395,96,3/27/2024,1
1089753,15,3/28/2024,251400271,88171795.92,8817.18,17.54,0,225.9387755,225.877551,227.8571429,0.897959184,2.06122449,0.714285714,50.01102041,0.682844898,3/28/2024 17:19,3/28/2024 17:19,3/28/2024 17:19,41937450.96,1772172.245,103518990.1,0,-108.1428571,96,3/28/2024,1
1096417,15,3/29/2024,251400271,88495897.4,8849.59,32.41,0,228.8181818,228.974026,230.6753247,2.909090909,2.285714286,1.428571429,50.00792208,0.806587013,3/29/2024 23:49,3/29/2024 23:49,3/29/2024 23:49,42084225.21,1793069.429,103909378.5,0,-101.8051948,96,3/29/2024,1
1102257,15,3/30/2024,251400271,88983837.35,8898.38,48.79,0,228.1084337,228.3614458,229.9277108,5,5.337349398,4.518072289,50.00951807,0.796459036,3/30/2024 23:49,3/30/2024 23:49,3/30/2024 23:49,42365752.89,1810162.735,104507523,0,-107.2771084,96,3/30/2024,1
1108525,15,3/31/2024,251400271,89573392.11,8957.34,58.96,0,228.5789474,228.6184211,230.5,5.434210526,5.907894737,5.197368421,50.00407895,0.790678947,3/31/2024 23:49,3/31/2024 23:49,3/31/2024 23:49,42764937.13,1810792.408,105241823.4,0,-105.0526316,96,3/31/2024,1
1114569,15,4/1/2024,251400271,90233561.62,9023.36,66.02,0,227.3434343,227.3636364,229.2626263,5.04040404,5,4.626262626,50.00888889,0.786789899,4/1/2024 23:39,4/1/2024 23:39,4/1/2024 23:39,43176841.14,1812601.394,106047988.7,0,-106.3939394,96,4/1/2024,1
1121425,15,4/2/2024,251400271,90754896.28,9075.49,52.13,0,227.1900826,226.9586777,229.3099174,3.202479339,2.628099174,2.272727273,50.00855372,0.746232231,4/2/2024 23:49,4/2/2024 23:49,4/2/2024 23:49,43443327.67,1817642.417,106666326.7,0,-109.3016529,96,4/2/2024,1
1127321,15,4/3/2024,251400271,91160838.1,9116.08,40.59,0,227.3333333,226.9761905,229.5238095,3.920634921,4.333333333,3.047619048,50.01730159,0.809063492,4/3/2024 23:49,4/3/2024 23:49,4/3/2024 23:49,43580778.66,1830575.016,107128441.4,0,-110.5952381,96,4/3/2024,1
1134467,15,4/4/2024,251400271,91845423.58,9184.54,68.46,0,226.2601626,226.4715447,228.3495935,4.211382114,4.699186992,3.829268293,50.00788618,0.765629268,4/4/2024 23:39,4/4/2024 23:39,4/4/2024 23:39,43893206.58,1836764.13,107910534.5,0,-108.5853659,96,4/4/2024,1
1141413,15,4/5/2024,251400271,92328072.27,9232.81,48.26,0,226.487395,227.1008403,229.0336134,4.159663866,3.235294118,2.739495798,50.01445378,0.758307563,4/5/2024 23:49,4/5/2024 23:49,4/5/2024 23:49,44148735.08,1842695.697,108486060.8,0,-111.2436975,96,4/5/2024,1
1148439,15,4/6/2024,251400271,92826689.43,9282.67,49.86,0,227.902439,228.2195122,230.4227642,4.130081301,4.699186992,4.211382114,50.01138211,0.810704065,4/6/2024 23:49,4/6/2024 23:49,4/6/2024 23:49,44432112.15,1850768.951,109090682.9,0,-113.4471545,96,4/6/2024,1
1155685,15,4/7/2024,251400271,93592345.16,9359.23,76.57,0,227.1209677,227.6854839,229.8467742,4.911290323,5.669354839,6.10483871,50.01951613,0.850894355,4/7/2024 23:49,4/7/2024 23:49,4/7/2024 23:49,44876292.68,1855365.702,110002872.4,0,-110.2983871,96,4/7/2024,1
1163041,15,4/8/2024,251400271,94238581.82,9423.86,64.62,0,227.1363636,227.8787879,229.6666667,4.310606061,5.151515152,4.803030303,50.00636364,0.815718939,4/8/2024 23:49,4/8/2024 23:49,4/8/2024 23:49,45194731.37,1863144.803,110750369.9,0,-104.7651515,96,4/8/2024,1
1170387,15,4/9/2024,251400271,94959420.8,9495.94,72.08,0,226.376,227.2,228.712,4.512,5.216,5.376,50.00288,0.8082008,4/9/2024 23:49,4/9/2024 23:49,4/9/2024 23:49,45616648.3,1864617.92,111612779.3,0,-101.184,96,4/9/2024,1
1177573,15,4/10/2024,251400271,95546085.44,9554.61,58.67,0,227.184466,227.6504854,229.6796117,4.718446602,5.495145631,5.203883495,50.0107767,0.828707767,4/10/2024 19:29,4/10/2024 19:29,4/10/2024 19:29,45935552.63,1866978.408,112301426.8,0,-100.5048544,96,4/10/2024,1
1185831,15,4/16/2024,251400271,100636797.8,10063.68,509.07,0,225.5168539,225.5505618,227.3370787,3.460674157,3.707865169,3.707865169,50.00741573,0.803013483,4/16/2024 23:49,4/16/2024 23:49,4/16/2024 23:49,48667299.72,1880833.09,118233256,0,-111.5168539,96,4/16/2024,1
1188390,15,4/17/2024,251400271,101126154.5,10112.62,48.94,0,226.0487805,226.398374,228.495935,3.520325203,4.390243902,3.56097561,50.02284553,0.787314634,4/17/2024 23:39,4/17/2024 23:39,4/17/2024 23:39,48893979.11,1883832.772,118791020.4,0,-111.9837398,96,4/17/2024,1
1191788,15,4/18/2024,251400271,101663988,10166.40,53.78,0,228.1204819,228.2409639,230.0120482,3.301204819,3.457831325,2.975903614,50.01674699,0.807657831,4/18/2024 23:49,4/18/2024 23:49,4/18/2024 23:49,49139438.45,1888187.614,119408566,0,-112.6987952,96,4/18/2024,1
1194732,15,4/19/2024,251400271,102016814,10201.68,35.28,0,226.5,226.2674419,228.3953488,2.406976744,3.058139535,1.965116279,50.02267442,0.712306977,4/19/2024 23:49,4/19/2024 23:49,4/19/2024 23:49,49307633.13,1895734.651,119824779.9,0,-112.3837209,96,4/19/2024,1
1197792,15,4/20/2024,251400271,102445876.9,10244.59,42.91,0,227.8538462,228.0384615,229.1230769,3.661538462,3.323076923,3,50.01146154,0.827816154,4/20/2024 23:39,4/20/2024 23:39,4/20/2024 23:39,49521982.82,1906831.946,120331713.5,0,-113.4153846,96,4/20/2024,1
1200952,15,4/21/2024,251400271,103089069,10308.91,64.32,0,227.6982759,227.9051724,229.1206897,4.775862069,4.534482759,3.551724138,50.00594828,0.788434483,4/21/2024 22:19,4/21/2024 22:19,4/21/2024 22:19,49835382.35,1912988.405,121081761.9,0,-112.3448276,96,4/21/2024,1
1206438,15,4/22/2024,251400271,104141166.7,10414.12,105.21,0,227.3518519,227.1296296,228.8703704,6.888888889,7.462962963,6.444444444,50.01888889,0.834688889,4/22/2024 23:49,4/22/2024 23:49,4/22/2024 23:49,50382085.76,1916754.852,122304142.9,0,-111.5925926,96,4/22/2024,1
1207884,15,4/23/2024,251400271,104611283.7,10461.13,47.01,0,226.2932692,225.9134615,227.6634615,3.495192308,4.004807692,3.514423077,50.02110577,0.715589904,4/23/2024 23:49,4/23/2024 23:49,4/23/2024 23:49,50673114.81,1918604,122875368,0,-113.8990385,96,4/23/2024,1
1213857,15,4/24/2024,251400271,105029203.4,10502.92,41.79,0,226.4915254,226.779661,228.5338983,2.584745763,3.491525424,2.203389831,50.01508475,0.747869492,4/24/2024 23:39,4/24/2024 23:39,4/24/2024 23:39,50893479.41,1926248.822,123373753.2,0,-111.1186441,96,4/24/2024,1
1221337,15,4/25/2024,251400271,105414721.8,10541.47,38.55,0,226.8684211,226.6578947,228.6428571,2.187969925,2.34962406,1.962406015,50.01496241,0.745051128,4/25/2024 23:39,4/25/2024 23:39,4/25/2024 23:39,51080409.13,1935694.977,123835057.5,0,-111.2819549,96,4/25/2024,1
1228781,15,4/26/2024,251400271,105833048.4,10583.30,41.83,0,226.3790323,226.1935484,228.5483871,5.475806452,6.862903226,3.951612903,50.00459677,0.85493871,4/26/2024 23:49,4/26/2024 23:49,4/26/2024 23:49,51219248.6,1952544.903,124306854.1,0,-113.9758065,96,4/26/2024,1
1239548,15,4/27/2024,251400271,106503319.7,10650.33,67.03,0,227.8032787,227.8770492,229.295082,3.721311475,4.139344262,2.975409836,50.00877049,0.782331967,4/27/2024 23:49,4/27/2024 23:49,4/27/2024 23:49,51563716.03,1961887.508,125096235.1,0,-117.0737705,96,4/27/2024,1
1251413,15,4/28/2024,251400271,107216178.9,10721.62,71.29,0,227.6260163,227.8943089,229.3495935,8,7.93495935,7.276422764,50.0101626,0.793199187,4/28/2024 23:49,4/28/2024 23:49,4/28/2024 23:49,52038746.41,1964090.447,125978884.8,0,-115.5772358,96,4/28/2024,1
1262849,15,4/29/2024,251400271,108189560,10818.96,97.34,0,226.248,226.544,228.464,6.944,5.104,4.216,50.00624,0.7829344,4/29/2024 23:49,4/29/2024 23:49,4/29/2024 23:49,52647309.31,1967157.64,127163347.2,0,-116.032,96,4/29/2024,1
1273682,15,4/30/2024,251400271,108901568.3,10890.16,71.20,0,226.1301587,226.1174603,228.2063492,5.463492063,4.146031746,3.679365079,50.01314286,0.780066984,4/30/2024 23:49,4/30/2024 23:49,4/30/2024 23:49,52956866.21,1970908.143,127976576.3,0,-113.6761905,96,4/30/2024,1
1283324,15,5/1/2024,251400271,109572153.8,10957.22,67.06,0,227.5307692,227.8692308,229.4461538,6.869230769,5.092307692,4.738461538,50.00376923,0.805568462,5/1/2024 23:49,5/1/2024 23:49,5/1/2024 23:49,53298213.81,1977664.523,128770872,0,-112.4461538,96,5/1/2024,1
1286976,15,5/2/2024,251400271,110592960.3,11059.30,102.08,0,225.9206349,225.6269841,228.2936508,8.373015873,9.214285714,5.738095238,50.00833333,0.870877778,5/2/2024 23:49,5/2/2024 23:49,5/2/2024 23:49,53799269.44,1980765.698,129950890.6,0,-109.2063492,96,5/2/2024,1
1290588,15,5/3/2024,251400271,111508906.5,11150.89,91.59,0,226.7102804,226.6635514,228.5560748,4.747663551,4.373831776,3.420560748,50.0117757,0.760295327,5/3/2024 23:49,5/3/2024 23:49,5/3/2024 23:49,54221231.05,1984301.383,130999540,0,-111.5700935,96,5/3/2024,1
1296892,15,5/4/2024,251400271,112312809.5,11231.28,80.39,0,227.1031746,227.8015873,229.4126984,11.07936508,8.333333333,7.666666667,50.0131746,0.823380159,5/4/2024 23:49,5/4/2024 23:49,5/4/2024 23:49,54706768.48,1988765.325,131971987.5,0,-111.0634921,96,5/4/2024,1
1304802,15,5/5/2024,251400271,113231645.2,11323.16,91.88,0,227.3978495,227.9247312,229.6451613,8.301075269,6.548387097,6.215053763,50.00064516,0.823435484,5/5/2024 16:49,5/5/2024 16:49,5/5/2024 16:49,55272995.4,1988837,133083145.9,0,-114.8064516,96,5/5/2024,1
1310287,15,5/6/2024,251400271,114192037,11419.20,96.04,0,225.8765432,225.9382716,227.5432099,4.197530864,1.728395062,1.296296296,50.01135802,0.72547037,5/6/2024 23:49,5/6/2024 23:49,5/6/2024 23:49,55814595.91,1992480.383,134230104,0,-114.7283951,96,5/6/2024,1
1312715,15,5/7/2024,251400271,114713462.1,11471.35,52.14,0,226.6136364,227.0909091,228.9393939,6.492424242,3.537878788,3.234848485,50.01871212,0.779475758,5/7/2024 23:49,5/7/2024 23:49,5/7/2024 23:49,56034797.49,1996274.348,134830002.3,0,-112.7575758,96,5/7/2024,1
1316479,15,5/8/2024,251400271,115275830.5,11527.58,56.24,0,226.4915254,226.6440678,228.440678,4.796610169,4.127118644,3.779661017,50.0190678,0.758808475,5/8/2024 23:39,5/8/2024 23:39,5/8/2024 23:39,56270175.65,2001692.763,135479460.4,0,-112.9491525,96,5/8/2024,1
1319742,15,5/9/2024,251400271,115842069.8,11584.21,56.62,0,227.6697674,227.8744186,229.5116279,3.139534884,2.823255814,1.781395349,50.01674419,0.774729767,5/9/2024 23:49,5/9/2024 23:49,5/9/2024 23:49,56582543.27,2010627.53,136163651.1,0,-113.8046512,96,5/9/2024,1
1324072,15,5/10/2024,251400271,116669523.1,11666.95,82.75,0,227.3615385,228,229.6615385,10.75384615,8.938461538,7.3,50.00753846,0.843235385,5/10/2024 23:49,5/10/2024 23:49,5/10/2024 23:49,57036652.77,2015995,137148500.4,0,-113.8538462,96,5/10/2024,1
1327865,15,5/11/2024,251400271,117779166.7,11777.92,110.96,0,227.4444444,227.7539683,229.5555556,9.23015873,7.76984127,7.285714286,50.00428571,0.812878571,5/11/2024 23:49,5/11/2024 23:49,5/11/2024 23:49,57720009.58,2015995,138488251.3,0,-113.5079365,96,5/11/2024,1
1331621,15,5/12/2024,251400271,118746545.5,11874.65,96.74,0,226.5959596,226.9494949,229.2525253,10.70707071,7.97979798,7.080808081,50.00525253,0.837182828,5/12/2024 17:39,5/12/2024 17:39,5/12/2024 17:39,58327847.27,2015995,139661585.6,0,-113.4747475,96,5/12/2024,1
1334476,15,5/13/2024,251400271,120187232.1,12018.72,144.07,0,226.6607143,226.8214286,228.5,6.928571429,6.803571429,5.535714286,50.02357143,0.788996429,5/13/2024 23:49,5/13/2024 23:49,5/13/2024 23:49,59025359.45,2018978.429,141322273.9,0,-113.6428571,96,5/13/2024,1
1336312,15,5/14/2024,251400271,120865671.9,12086.57,67.84,0,226.0703125,226.2109375,228.3359375,6.03125,5.078125,4.4609375,50.01421875,0.747689844,5/14/2024 23:49,5/14/2024 23:49,5/14/2024 23:49,59464424.46,2021180.227,142157000.3,0,-108.671875,96,5/14/2024,1
1340303,15,5/15/2024,251400271,121515102.4,12151.51,64.94,0,226.2108434,226.7771084,228.6385542,6.385542169,3.421686747,3.084337349,50.01753012,0.776088554,5/15/2024 23:49,5/15/2024 23:49,5/15/2024 23:49,59781572.1,2025739.404,142919335.9,0,-110.3253012,96,5/15/2024,1
1345561,15,5/16/2024,251400271,121972070.9,12197.21,45.70,0,226.4330709,226.7165354,228.6062992,3.645669291,2.858267717,2.307086614,50.01700787,0.72343937,5/16/2024 23:49,5/16/2024 23:49,5/16/2024 23:49,60014472.74,2029878.669,143462755.6,0,-112.7401575,96,5/16/2024,1
1353363,15,5/17/2024,251400271,122345919.2,12234.59,37.38,0,226.3602694,226.1616162,228.2222222,3.336700337,2.114478114,2.195286195,50.00265993,0.714260269,5/17/2024 23:49,5/17/2024 23:49,5/17/2024 23:49,60189791.85,2038623.084,143907155.7,0,-111.3771044,96,5/17/2024,1
1362324,15,5/18/2024,251400271,122913266.1,12291.33,56.73,0,227.483871,228.4193548,229.8870968,7.870967742,4.677419355,4.266129032,50.00080645,0.85056371,5/18/2024 23:50,5/18/2024 23:50,5/18/2024 23:50,60457619.35,2046390.798,144570277.9,0,-112.4112903,96,5/18/2024,1
1372809,15,5/19/2024,251400271,123508205.1,12350.82,59.49,0,227.2735043,227.9145299,229.6837607,4.846153846,3.914529915,2.555555556,50.0182906,0.78392906,5/19/2024 23:39,5/19/2024 23:39,5/19/2024 23:39,60702615.22,2055080.188,145253527.7,0,-111.7521368,96,5/19/2024,1
1383783,15,5/20/2024,251400271,124175739.8,12417.57,66.75,0,226.1056911,226.9837398,228.6910569,6.983739837,2.93495935,2.601626016,50.02780488,0.872963415,5/20/2024 23:49,5/20/2024 23:49,5/20/2024 23:49,60961580.79,2060496.528,146013433,0,-111.9512195,96,5/20/2024,1
1394908,15,5/21/2024,251400271,124794280.5,12479.43,61.85,0,226.491954,226.7724138,228.5632184,4.896551724,3.452873563,3.124137931,50.01236782,0.748521149,5/21/2024 23:49,5/21/2024 23:49,5/21/2024 23:49,61148629.67,2070960.347,146701529.9,0,-112.9218391,96,5/21/2024,1
1407936,15,5/22/2024,251400271,125300557,12530.06,50.63,0,226.5822785,226.9367089,228.9367089,4.392405063,4.240506329,3.949367089,50.00949367,0.780648101,5/22/2024 23:39,5/22/2024 23:39,5/22/2024 23:39,61390671.35,2074059.177,147293393.8,0,-108.0126582,96,5/22/2024,1
1420080,15,5/23/2024,251400271,125792009.1,12579.20,49.15,0,227.2272727,227.7454545,229.5727273,3.372727273,3.345454545,2.554545455,50.004,0.76324,5/23/2024 22:09,5/23/2024 22:09,5/23/2024 22:09,61602564.01,2081787.509,147868895.1,0,-112.5909091,96,5/23/2024,1
1439014,15,5/24/2024,251400271,126783693.9,12678.37,99.17,0,227.8979592,228.877551,230.3469388,8.020408163,5.020408163,5.387755102,50.00510204,0.828828571,5/24/2024 23:29,5/24/2024 23:29,5/24/2024 23:29,62177257.49,2085643.184,149068485.5,0,-109.1632653,96,5/24/2024,1
1443284,15,5/25/2024,251400271,127225808.7,12722.58,44.21,0,227.6173913,228.1565217,229.9043478,7.243478261,4.008695652,2.634782609,50.00504348,0.849905217,5/25/2024 22:19,5/25/2024 22:19,5/25/2024 22:19,62370109.31,2088813.365,149581792.5,0,-104.3913043,96,5/25/2024,1
1458602,15,5/26/2024,251400271,127942000,12794.20,71.62,0,227.2359551,227.8202247,229.4719101,8.831460674,6.112359551,5.314606742,50.01966292,0.825276404,5/26/2024 23:49,5/26/2024 23:49,5/26/2024 23:49,62702089.97,2094812.169,150418696.2,0,-108.2247191,96,5/26/2024,1
1467386,15,5/27/2024,251400271,128607807.7,12860.78,66.58,0,226.025641,225.8974359,227.9615385,5.756410256,4.448717949,4.397435897,50.01076923,0.738520513,5/27/2024 14:19,5/27/2024 14:19,5/27/2024 14:19,63078769.04,2095926.308,151210023,0,-107.8974359,96,5/27/2024,1
1483890,15,5/28/2024,251400271,129319744.4,12931.97,71.19,0,225.6222222,225.5555556,228.1222222,4.466666667,3.733333333,2.344444444,50.00677778,0.785743333,5/28/2024 23:49,5/28/2024 23:49,5/28/2024 23:49,63325392.14,2105220.789,152012319.2,0,-112,96,5/28/2024,1
1492864,15,5/29/2024,251400271,129742605.3,12974.26,42.29,0,226.3508772,226.4912281,228.7105263,4.842105263,4.131578947,2.903508772,50.00192982,0.813257895,5/29/2024 22:19,5/29/2024 22:19,5/29/2024 22:19,63505169.73,2112873.596,152504514.6,0,-112.5,96,5/29/2024,1
1512584,15,5/30/2024,251400271,130446255.8,13044.63,70.37,0,228.0232558,227.9534884,229.8604651,5.23255814,3.465116279,3.627906977,49.99813953,0.796613953,5/30/2024 23:39,5/30/2024 23:39,5/30/2024 23:39,63804895.12,2122307.349,153319659.4,0,-114.7209302,96,5/30/2024,1
1517686,15,5/31/2024,251400271,130874132.5,13087.41,42.79,0,226.4096386,226.4578313,228.313253,5.289156627,4.048192771,3.927710843,50.01156627,0.772640964,5/31/2024 23:49,5/31/2024 23:49,5/31/2024 23:49,64015676.06,2123529.59,153819304.1,0,-115.253012,96,5/31/2024,1
1531094,15,6/1/2024,251400271,131735812.5,13173.58,86.17,0,227.8125,227.921875,229.8984375,5.859375,6.25,4.8046875,50.00351563,0.815466406,6/1/2024 23:49,6/1/2024 23:49,6/1/2024 23:49,64509463.27,2126428.188,154853135.9,0,-109.7421875,96,6/1/2024,1
1545922,15,6/2/2024,251400271,132520593.5,13252.06,78.48,0,226.9105691,227.4715447,229.300813,8.495934959,5.56097561,5.349593496,50.01065041,0.851702439,6/2/2024 23:39,6/2/2024 23:39,6/2/2024 23:39,64939532.59,2126726,155782971.5,0,-111.1138211,96,6/2/2024,1
1561044,15,6/3/2024,251400271,133241022.3,13324.10,72.04,0,226.356546,226.6350975,228.9832869,6.309192201,4.506963788,3.161559889,50.02214485,0.811010028,6/3/2024 23:49,6/3/2024 23:49,6/3/2024 23:49,65310859.1,2127581.613,156628277.5,0,-112.8133705,96,6/3/2024,1
1571734,15,6/4/2024,251400271,133927091.5,13392.71,68.61,0,226.1901408,226.6126761,228.6690141,4.88028169,2.38028169,1.76056338,50.0093662,0.801112676,6/4/2024 22:19,6/4/2024 22:19,6/4/2024 22:19,65622775.86,2132866.077,157426056.2,0,-116.7746479,96,6/4/2024,1
1581237,15,6/5/2024,251400271,134351040.9,13435.10,42.39,0,227.4619883,227.8304094,230.0467836,5.18128655,3.69005848,2.98245614,50.00052632,0.819716959,6/5/2024 23:49,6/5/2024 23:49,6/5/2024 23:49,65708567.02,2146377.117,157897049.1,0,-112.3216374,96,6/5/2024,1
1586693,15,6/6/2024,251400271,134600426.8,13460.04,24.94,0,226.4390244,226.4268293,228.6463415,3.902439024,2.890243902,1.341463415,50.00768293,0.811703659,6/6/2024 23:49,6/6/2024 23:49,6/6/2024 23:49,65786456.07,2154144.22,158179824.8,0,-112.6829268,96,6/6/2024,1
1601873,15,6/7/2024,251400271,135317708,13531.77,71.73,0,226.1167883,226.2335766,228.4014599,5.306569343,4.649635036,3.591240876,50.00080292,0.732614599,6/7/2024 23:49,6/7/2024 23:49,6/7/2024 23:49,66151471.82,2160344.825,159032830.4,0,-113.7445255,96,6/7/2024,1
1616705,15,6/8/2024,251400271,135628589.3,13562.86,31.09,0,227.6428571,227.9821429,229.6607143,0.946428571,0.964285714,0.267857143,50.01517857,0.629267857,6/8/2024 10:19,6/8/2024 10:19,6/8/2024 10:19,66308951.89,2164633.25,159403669.2,0,-112.8214286,96,6/8/2024,1
1622887,15,6/9/2024,251400271,136298173.9,13629.82,66.96,0,226.7826087,227.3333333,229.057971,6.188405797,5.608695652,5.130434783,50.01884058,0.806444928,6/9/2024 14:29,6/9/2024 14:29,6/9/2024 14:29,66697795.04,2168567,160217487,0,-115.7826087,96,6/9/2024,1
1628508,15,6/10/2024,251400271,137315764.7,13731.58,101.76,0,226.6078431,227.0196078,228.7647059,5.254901961,3.490196078,1.862745098,49.99803922,0.839562745,6/10/2024 23:49,6/10/2024 23:49,6/10/2024 23:49,67170639.18,2174485.039,161399854,0,-112.372549,96,6/10/2024,1
1629989,15,6/11/2024,251400271,137721016.3,13772.10,40.53,0,226.7804878,226.8373984,229,5.365853659,3.991869919,2.723577236,50.00634146,0.749843902,6/11/2024 23:49,6/11/2024 23:49,6/11/2024 23:49,67343182.17,2177937.772,161867357.6,0,-110.1056911,96,6/11/2024,1
1633957,15,6/12/2024,251400271,138195448,13819.54,47.44,0,226.304,226.392,228.248,4,2.696,2.296,50.02048,0.7159024,6/12/2024 23:49,6/12/2024 23:49,6/12/2024 23:49,67604598.18,2182537.472,162440328.3,0,-109.72,96,6/12/2024,1
1637878,15,6/13/2024,251400271,138637715.4,13863.77,44.23,0,226.3,226.1846154,228.1769231,3.3,2.892307692,2.230769231,50.02030769,0.726838462,6/13/2024 23:49,6/13/2024 23:49,6/13/2024 23:49,67842849.45,2188496.246,162975543.4,0,-111.7307692,96,6/13/2024,1
1641967,15,6/14/2024,251400271,138954686.6,13895.47,31.70,0,226.238806,226.3208955,228.4253731,3.559701493,2.932835821,1.268656716,50.00358209,0.735434328,6/14/2024 23:49,6/14/2024 23:49,6/14/2024 23:49,67951574.81,2196978.276,163341959.6,0,-111.7164179,96,6/14/2024,1
1646207,15,6/15/2024,251400271,139418620.2,13941.86,46.39,0,227.7596899,228.0155039,229.6046512,4.302325581,3.627906977,3.651162791,50.00658915,0.800456589,6/15/2024 23:49,6/15/2024 23:49,6/15/2024 23:49,68128656.02,2204078.132,163875798.9,0,-113.9844961,96,6/15/2024,1
1650619,15,6/16/2024,251400271,140129288,14012.93,71.07,0,227.064,227.456,229.272,6.76,5.08,4.496,50.01928,0.7989392,6/16/2024 23:39,6/16/2024 23:39,6/16/2024 23:39,68496900.18,2206303.36,164713966.3,0,-114.28,96,6/16/2024,1
1654883,15,6/17/2024,251400271,140900822.5,14090.08,77.15,0,226.5857988,226.8284024,228.6923077,6.857988166,5.207100592,4.035502959,50.00532544,0.818980473,6/17/2024 23:49,6/17/2024 23:49,6/17/2024 23:49,68939168.46,2207846.982,165640966.1,0,-111.3668639,96,6/17/2024,1
1660552,15,6/18/2024,251400271,141483343.5,14148.33,58.25,0,227.259542,227.5725191,229.2977099,5.709923664,3.893129771,2.984732824,50.0110687,0.828871756,6/18/2024 23:39,6/18/2024 23:39,6/18/2024 23:39,69205915.15,2212001.13,166318000.3,0,-113.9312977,96,6/18/2024,1
1668864,15,6/19/2024,251400271,142101090.4,14210.11,61.77,0,226.9887006,226.7288136,229.0451977,6.610169492,5.627118644,4.299435028,50.02474576,0.80029548,6/19/2024 22:29,6/19/2024 22:29,6/19/2024 22:29,69486091.01,2215453.35,167032429.3,0,-113.0903955,96,6/19/2024,1
1674777,15,6/20/2024,251400271,142904129,14290.41,80.30,0,225.5376344,225.2688172,227.6021505,3.720430108,2.086021505,1.634408602,50.01,0.756932258,6/20/2024 23:49,6/20/2024 23:49,6/20/2024 23:49,69902196.42,2219754.495,167980693.2,0,-112.1397849,96,6/20/2024,1
1676881,15,6/21/2024,251400271,143201563.9,14320.16,29.74,0,226.075188,226.1954887,228.3082707,3.917293233,2.54887218,1.834586466,50.00240602,0.765630075,6/21/2024 23:49,6/21/2024 23:49,6/21/2024 23:49,69969249.23,2230796.707,168311413.4,0,-111.4586466,96,6/21/2024,1
1680324,15,6/22/2024,251400271,143583168.1,14358.32,38.16,0,227.1932773,227.4705882,229.2352941,4.68907563,1.74789916,0.890756303,50.00747899,0.888397479,6/22/2024 23:49,6/22/2024 23:49,6/22/2024 23:49,70080110.03,2242258.084,168743291.7,0,-111.1512605,96,6/22/2024,1
1683468,15,6/23/2024,251400271,144121491.7,14412.15,53.83,0,227.8166667,228.0416667,229.9666667,5.725,3.991666667,3.741666667,50.02266667,0.827574167,6/23/2024 22:29,6/23/2024 22:29,6/23/2024 22:29,70289193.9,2250222.95,169361633.1,0,-115.0583333,96,6/23/2024,1
1687752,15,6/24/2024,251400271,145033899,14503.39,91.24,0,225.2525253,225.4949495,227.5454545,8.03030303,5.404040404,4.535353535,50.01282828,0.827480808,6/24/2024 23:49,6/24/2024 23:49,6/24/2024 23:49,70733016.35,2254763.97,170423871.9,0,-110.1212121,96,6/24/2024,1
1690140,15,6/25/2024,251400271,145711701.3,14571.17,67.78,0,227.5454545,227.9090909,229.9350649,6.194805195,4.896103896,4.207792208,50.00220779,0.812518182,6/25/2024 22:19,6/25/2024 22:19,6/25/2024 22:19,71084227.68,2258352.74,171221538.2,0,-112.6493506,96,6/25/2024,1
1694555,15,6/26/2024,251400271,146175554.5,14617.56,46.39,0,224.7326733,224.7821782,226.9207921,2.762376238,1.841584158,0.495049505,50.00089109,0.728189109,6/26/2024 23:49,6/26/2024 23:49,6/26/2024 23:49,71235873.63,2266378.218,171746426.5,0,-114.4455446,96,6/26/2024,1
1700498,15,6/27/2024,251400271,146457058.3,14645.71,28.15,0,226.575,226.4916667,228.825,3.175,2.158333333,1.166666667,49.99908333,0.742518333,6/27/2024 22:29,6/27/2024 22:29,6/27/2024 22:29,71322307.76,2274037.742,172068388.9,0,-112.8,96,6/27/2024,1
1713383,15,6/28/2024,251400271,146958930,14695.89,50.19,0,225.13,224.75,227.31,2.33,3.85,2.77,50.011,0.744071,6/28/2024 22:29,6/28/2024 22:29,6/28/2024 22:29,71584641.6,2278968.76,172668031.5,0,-114.48,96,6/28/2024,1
1717078,15,6/29/2024,251400271,147541368.4,14754.14,58.24,0,227.5368421,227.7578947,229.8736842,8.915789474,6.663157895,5.915789474,50.02031579,0.830790526,6/29/2024 23:49,6/29/2024 23:49,6/29/2024 23:49,71903144,2285763.389,173371075.3,0,-113.2421053,96,6/29/2024,1
1719583,15,6/30/2024,251400271,148189686,14818.97,64.83,0,227.446281,227.7107438,229.7603306,5.743801653,4.297520661,3.355371901,50.00834711,0.788364463,6/30/2024 22:29,6/30/2024 22:29,6/30/2024 22:29,72319866.02,2286847.868,174171443.4,0,-112.4545455,96,6/30/2024,1
1723846,15,7/1/2024,251400271,148806779.9,14880.68,61.71,0,227.0691824,227.2138365,229.2830189,5.704402516,4.088050314,3.503144654,50.01106918,0.787538365,7/1/2024 23:50,7/1/2024 23:50,7/1/2024 23:50,72570053.67,2294166.132,174882553.5,0,-112.1383648,96,7/1/2024,1
1728722,15,7/2/2024,251400271,149126697.7,14912.67,31.99,0,227.9069767,228,229.9767442,5.860465116,5.162790698,4.511627907,50.01348837,0.807944186,7/2/2024 23:49,7/2/2024 23:49,7/2/2024 23:49,72743904.49,2295831.953,175266471.3,0,-111.7906977,96,7/2/2024,1
1738774,15,7/3/2024,251400271,149710461.5,14971.05,58.38,0,226.4102564,226.3205128,228.2051282,6,4.179487179,3.858974359,50.00307692,0.803724359,7/3/2024 22:29,7/3/2024 22:29,7/3/2024 22:29,73027802.17,2301181.269,175954587.3,0,-112.0512821,96,7/3/2024,1
1752478,15,7/4/2024,251400271,150254439.6,15025.44,54.40,0,225.7472527,225.3186813,227.9010989,2.252747253,2.714285714,1.406593407,50.00593407,0.751138462,7/4/2024 23:49,7/4/2024 23:49,7/4/2024 23:49,73317286.16,2306622.835,176610289.2,0,-109.5934066,96,7/4/2024,1
1759432,15,7/5/2024,251400271,150596987,15059.70,34.25,0,227.8181818,227.8441558,229.7142857,3.506493506,2.818181818,2.233766234,50.00311688,0.768574026,7/5/2024 22:29,7/5/2024 22:29,7/5/2024 22:29,73510823.73,2311560.792,177031211.9,0,-105.1428571,96,7/5/2024,1
1771573,15,7/6/2024,251400271,151030076.9,15103.01,43.31,0,228.4725275,228.7142857,230.1758242,3.274725275,2.637362637,2.098901099,50.01692308,0.800047253,7/6/2024 23:49,7/6/2024 23:49,7/6/2024 23:49,73744139.67,2321995.165,177559975.5,0,-109.1758242,96,7/6/2024,1
1778743,15,7/7/2024,251400271,151217405.4,15121.74,18.73,0,227.1621622,227.2972973,229.0405405,2.648648649,1.72972973,1.148648649,50.01783784,0.819794595,7/7/2024 14:29,7/7/2024 14:29,7/7/2024 14:29,73800811.7,2339126.608,177777687.9,0,-107.1216216,96,7/7/2024,1
1788301,15,7/8/2024,251400271,151709211.8,15170.92,49.18,0,225.8117647,225.9058824,227.7529412,3.847058824,3.364705882,2.294117647,50.00258824,0.715223529,7/8/2024 23:49,7/8/2024 23:49,7/8/2024 23:49,73977250.58,2361125.165,178344950.2,0,-107.2470588,96,7/8/2024,1
1790440,15,7/9/2024,251400271,152154559.6,15215.46,44.53,0,226.3394495,226.6422018,228.5229358,5.165137615,3.816513761,3.275229358,50.01862385,0.77319633,7/9/2024 22:29,7/9/2024 22:29,7/9/2024 22:29,74230685.41,2363842.294,178884912.3,0,-106.8623853,96,7/9/2024,1
1796678,15,7/10/2024,251400271,152889125,15288.91,73.46,0,228.75,229,230.75,6.125,4.375,4.25,49.99875,0.8174375,7/10/2024 23:49,7/10/2024 23:49,7/10/2024 23:49,74520377.25,2372871,179724410.9,0,-105.75,96,7/10/2024,1
1796875,15,7/11/2024,251400271,153088891.6,15308.89,19.98,0,227.9036145,227.9759036,229.7108434,3.060240964,2,1.469879518,50.00289157,0.695956627,7/11/2024 23:39,7/11/2024 23:39,7/11/2024 23:39,74618096.3,2376995.181,179964897.7,0,-102.8795181,96,7/11/2024,1
1799961,15,7/12/2024,251400271,153261122,15326.11,17.22,0,228.4878049,228.4634146,230.2195122,1.243902439,0.853658537,0.146341463,50.00365854,0.670431707,7/12/2024 23:49,7/12/2024 23:49,7/12/2024 23:49,74649569.8,2384564.415,180158680.8,0,-101.9512195,96,7/12/2024,1
1802961,15,7/13/2024,251400271,153515936.9,15351.59,25.48,0,227,227.3153153,229.027027,3.144144144,2.351351351,1.90990991,50.01045045,0.71338018,7/13/2024 22:29,7/13/2024 22:29,7/13/2024 22:29,74670701.02,2396222.946,180437076,0,-104.8558559,96,7/13/2024,1
1807791,15,7/14/2024,251400271,154447431.8,15444.74,93.15,0,227.2954545,227.2954545,228.9545455,5,5.318181818,4.659090909,50.01863636,0.810852273,7/14/2024 22:29,7/14/2024 22:29,7/14/2024 22:29,75196048.05,2400888,181548111,0,-105.6590909,96,7/14/2024,1
1809991,15,7/15/2024,251400271,154939097.4,15493.91,49.17,0,225.7078947,225.7947368,227.8868421,3.592105263,3.286842105,2.818421053,50.00413158,0.738075789,7/15/2024 23:49,7/15/2024 23:49,7/15/2024 23:49,75465521.46,2405577.742,182137525.2,0,-107.8552632,96,7/15/2024,1
1819446,15,7/16/2024,251400271,155360345.2,15536.03,42.12,0,228.4166667,228.3214286,230.5,3.642857143,3.94047619,3.392857143,50.00297619,0.794895238,7/16/2024 23:49,7/16/2024 23:49,7/16/2024 23:49,75684259.31,2408377.726,182630130.2,0,-106.0952381,96,7/16/2024,1
1836326,15,7/17/2024,251400271,155714265.5,15571.43,35.39,0,227.6681416,227.7964602,229.8938053,5.14159292,4.349557522,3.796460177,50.00809735,0.77950177,7/17/2024 22:29,7/17/2024 22:29,7/17/2024 22:29,75891720.94,2410786.628,183061435.8,0,-109.0973451,96,7/17/2024,1
1846494,15,7/18/2024,251400271,156352921.4,15635.29,63.87,0,226.05,225.9857143,228.3071429,3.607142857,3.014285714,1.764285714,50.00685714,0.698478571,7/18/2024 22:29,7/18/2024 22:29,7/18/2024 22:29,76203353.21,2417792.793,183821002.2,0,-109.7642857,96,7/18/2024,1
1852425,15,7/19/2024,251400271,156737696.6,15673.77,38.48,0,226.0224719,225.9550562,227.9775281,2.04494382,1.764044944,1.02247191,50.00146067,0.660516854,7/19/2024 23:49,7/19/2024 23:49,7/19/2024 23:49,76428144.4,2422644.18,184294344.2,0,-110.1460674,96,7/19/2024,1
1857367,15,7/20/2024,251400271,157032125,15703.21,29.44,0,228.7613636,228.9545455,230.9090909,3.931818182,2.670454545,2.181818182,50.00193182,0.789448864,7/20/2024 23:49,7/20/2024 23:49,7/20/2024 23:49,76571158.2,2431965.307,184650471.1,0,-112.625,96,7/20/2024,1
1864333,15,7/21/2024,251400271,157534755.7,15753.48,50.26,0,228.1832061,228.0076336,229.9007634,5.160305344,4.824427481,4.076335878,50.0178626,0.792787023,7/21/2024 23:49,7/21/2024 23:49,7/21/2024 23:49,76857163.87,2438749.015,185261137.6,0,-112.778626,96,7/21/2024,1
1871363,15,7/22/2024,251400271,158153961,15815.40,61.92,0,227.6363636,227.4675325,230.1428571,5.376623377,3.558441558,3.38961039,50.00831169,0.782274026,7/22/2024 22:29,7/22/2024 22:29,7/22/2024 22:29,77178606.74,2441622.792,185992162.5,0,-112.1948052,96,7/22/2024,1
1882654,15,7/23/2024,251400271,158908987.4,15890.90,75.50,0,227.6855346,227.6069182,229.6666667,4.452830189,4.474842767,3.682389937,50.00619497,0.811413522,7/23/2024 23:49,7/23/2024 23:49,7/23/2024 23:49,77518738.36,2448147.877,186867265.9,0,-110.1666667,96,7/23/2024,1
1891969,15,7/24/2024,251400271,159263653.8,15926.37,35.47,0,226.7846154,226.7384615,228.8,4.084615385,2.561538462,1.553846154,50.00792308,0.808356154,7/24/2024 23:49,7/24/2024 23:49,7/24/2024 23:49,77657552.88,2450967.931,187265011.6,0,-110.7846154,96,7/24/2024,1
1920737,15,7/25/2024,251400271,159678927.7,15967.89,41.53,0,227.9759036,227.8433735,229.8313253,3.21686747,3.819277108,3.240963855,50.01072289,0.773484337,7/25/2024 23:49,7/25/2024 23:49,7/25/2024 23:49,77819572.28,2458448.349,187735087.6,0,-113.0722892,96,7/25/2024,1
1950401,15,7/26/2024,251400271,160050395.1,16005.04,37.15,0,227.0477528,226.75,229.0692884,2.215355805,3.420411985,2.24906367,50.00526217,0.768316854,7/26/2024 23:49,7/26/2024 23:49,7/26/2024 23:49,77989703.09,2463643.544,188166493.2,0,-113.9906367,96,7/26/2024,1
1982288,15,7/27/2024,251400271,160389975.8,16039.00,33.96,0,227.6532258,227.8790323,230.016129,2.064516129,2.580645161,2.282258065,50.00491935,0.691525806,7/27/2024 22:29,7/27/2024 22:29,7/27/2024 22:29,78161468.18,2468362.492,188568487.8,0,-114.3467742,96,7/27/2024,1
2023481,15,7/28/2024,251400271,160999783.8,16099.98,60.98,0,226.7920998,226.8731809,228.3471933,5.116424116,6.16008316,7.222453222,50.00619543,0.890189605,7/28/2024 23:49,7/28/2024 23:49,7/28/2024 23:49,78473561.32,2470188,189274302.2,0,-113.9147609,96,7/28/2024,1
2035091,15,7/29/2024,251400271,161893491.5,16189.35,89.37,0,226.9491525,227,229.1977401,3.322033898,2.661016949,2.039548023,50.00870056,0.784008475,7/29/2024 23:49,7/29/2024 23:49,7/29/2024 23:49,78869206.84,2476589.424,190293619,0,-109.7909605,96,7/29/2024,1
2040034,15,7/30/2024,251400271,162288750,16228.88,39.53,0,226.0164474,226.0559211,228.4802632,6.184210526,4.565789474,1.970394737,50.01536184,0.892762171,7/30/2024 23:49,7/30/2024 23:49,7/30/2024 23:49,79015293.39,2485146.737,190746517.5,0,-111.5032895,96,7/30/2024,1
2048828,15,7/31/2024,251400271,162852763.2,16285.28,56.40,0,226.5350877,226.3070175,228.5614035,3.736842105,4.070175439,3.377192982,49.99903509,0.812768421,7/31/2024 22:29,7/31/2024 22:29,7/31/2024 22:29,79178801.8,2505722.333,191373434.9,0,-110.4912281,96,7/31/2024,1
2054345,15,8/1/2024,251400271,163507179.5,16350.72,65.44,0,227.8717949,227.4102564,230,3.076923077,4.153846154,2.871794872,50.01948718,0.747717949,8/1/2024 22:29,8/1/2024 22:29,8/1/2024 22:29,79541470.44,2512950.923,192161328,0,-113.5128205,96,8/1/2024,1
2056570,15,8/2/2024,251400271,163957451.6,16395.75,45.03,0,226.3010753,226.172043,228.6344086,4.053763441,4.204301075,3.430107527,50.0244086,0.760666667,8/2/2024 23:49,8/2/2024 23:49,8/2/2024 23:49,79807145.03,2517048.344,192709868.3,0,-110.3548387,96,8/2/2024,1
2059129,15,8/3/2024,251400271,164306964.7,16430.70,34.95,0,228.5882353,228.5764706,230.3529412,3.082352941,3.694117647,2.847058824,50.00964706,0.771291765,8/3/2024 23:49,8/3/2024 23:49,8/3/2024 23:49,79995449.29,2524823.635,193127225.3,0,-113.0823529,96,8/3/2024,1
2062590,15,8/4/2024,251400271,164763400,16476.34,45.64,0,228.0352941,228.1764706,230.0941176,3.835294118,3.917647059,3.176470588,50.00941176,0.794942353,8/4/2024 23:49,8/4/2024 23:49,8/4/2024 23:49,80253342.4,2532812.365,193676313.6,0,-112.1058824,96,8/4/2024,1
2066221,15,8/5/2024,251400271,165452722.9,16545.27,68.93,0,227.8915663,227.7108434,229.6746988,4.795180723,4.831325301,4.265060241,50.00060241,0.809186747,8/5/2024 23:49,8/5/2024 23:49,8/5/2024 23:49,80629754.92,2535517.759,194491730.7,0,-108.7590361,96,8/5/2024,1
2069663,15,8/6/2024,251400271,166116521,16611.65,66.38,0,226.3613445,226.4285714,228.1176471,6.142857143,4.302521008,3.722689076,49.99352941,0.86870084,8/6/2024 22:19,8/6/2024 22:19,8/6/2024 22:19,80952995.11,2538294.588,195258272.2,0,-109.2857143,96,8/6/2024,1
2074540,15,8/7/2024,251400271,166870000,16687.00,75.35,0,225.8289474,225.5263158,227.5263158,3.210526316,2.894736842,3.407894737,50.01342105,0.747014474,8/7/2024 22:29,8/7/2024 22:29,8/7/2024 22:29,81232217.91,2543361.618,196093646.5,0,-110.4736842,96,8/7/2024,1
2077890,15,8/8/2024,251400271,167167731.2,16716.77,29.77,0,226.5591398,226.3978495,228.1397849,2.032258065,1.397849462,1.096774194,50.02021505,0.719224731,8/8/2024 23:49,8/8/2024 23:49,8/8/2024 23:49,81312698.98,2552719.817,196424139.7,0,-111.1075269,96,8/8/2024,1
2080570,15,8/9/2024,251400271,167409894.2,16740.99,24.22,0,226.3333333,226.2962963,228.5026455,2.105820106,2.238095238,1.899470899,50.00492063,0.742472487,8/9/2024 23:29,8/9/2024 23:29,8/9/2024 23:29,81399317.19,2562190.878,196705727.8,0,-112.0899471,96,8/9/2024,1
2086137,15,8/10/2024,251400271,167672613.4,16767.26,26.27,0,228.2857143,228.1344538,230.0840336,2.218487395,2.714285714,2.579831933,50.00302521,0.794371429,8/10/2024 23:49,8/10/2024 23:49,8/10/2024 23:49,81503159.94,2573974.613,197010605.2,0,-110.6470588,96,8/10/2024,1
2094103,15,8/11/2024,251400271,168241630.3,16824.16,56.90,0,227.4621849,227.3445378,229.3193277,5.159663866,5.932773109,5.932773109,50.01789916,0.827977311,8/11/2024 23:49,8/11/2024 23:49,8/11/2024 23:49,81799258.12,2579977.403,197676046.1,0,-112.1596639,96,8/11/2024,1
2102183,15,8/12/2024,251400271,168888211.4,16888.82,64.66,0,227.1544715,227.1138211,229.1869919,3.162601626,2.756097561,1.975609756,50.0097561,0.703865854,8/12/2024 23:49,8/12/2024 23:49,8/12/2024 23:49,82162752.54,2584785,198445193,0,-112.504065,96,8/12/2024,1
2110073,15,8/13/2024,251400271,169325733.9,16932.57,43.75,0,226.5725806,226.25,228.5241935,3.112903226,3.403225806,3.161290323,50.01048387,0.759479839,8/13/2024 23:49,8/13/2024 23:49,8/13/2024 23:49,82356787.57,2589162.282,198949754.8,0,-111.8790323,96,8/13/2024,1
2117869,15,8/14/2024,251400271,169805887.8,16980.59,48.02,0,226.1121951,226.1073171,228.3219512,4.565853659,3.682926829,2.843902439,50.00853659,0.807147317,8/14/2024 23:49,8/14/2024 23:49,8/14/2024 23:49,82548343.14,2593267.234,199489238.5,0,-107.5268293,96,8/14/2024,1
2123757,15,8/15/2024,251400271,170420424,17042.04,61.45,0,226.616,226.328,228.304,3.456,3.928,3.536,50.01416,0.8226584,8/15/2024 23:49,8/15/2024 23:49,8/15/2024 23:49,82761380.09,2604077.008,200166238.4,0,-103.584,96,8/15/2024,1
2127369,15,8/16/2024,251400271,170856664.1,17085.67,43.62,0,226.296875,225.9453125,228.3828125,1.9296875,2.0390625,1.96875,50.0146875,0.760027344,8/16/2024 23:49,8/16/2024 23:49,8/16/2024 23:49,82960128.63,2610916.867,200664314.6,0,-107.5625,96,8/16/2024,1
2131155,15,8/17/2024,251400271,171131084.6,17113.11,27.44,0,227.9769231,227.9076923,229.7076923,2.807692308,2.946153846,2.638461538,50.01361538,0.7992,8/17/2024 23:49,8/17/2024 23:49,8/17/2024 23:49,83073383.39,2626290.369,200987962.6,0,-109.2076923,96,8/17/2024,1
2135160,15,8/18/2024,251400271,171585365.7,17158.54,45.43,0,226.5074627,226.7014925,228.5074627,5.014925373,5.201492537,4.656716418,50.02425373,0.819695522,8/18/2024 23:49,8/18/2024 23:49,8/18/2024 23:49,83299042.6,2640530.851,201524940.8,0,-109.8283582,96,8/18/2024,1
2139512,15,8/19/2024,251400271,172238611.1,17223.86,65.32,0,225.7539683,225.6825397,227.7222222,3.571428571,3.698412698,3.80952381,50.0134127,0.752487302,8/19/2024 23:49,8/19/2024 23:49,8/19/2024 23:49,83664863.33,2645278.849,202298094,0,-105.8809524,96,8/19/2024,1
2147170,15,8/20/2024,251400271,172781652.2,17278.17,54.30,0,226.3971014,226.3855072,228.684058,3.626086957,3.689855072,2.742028986,50.01046377,0.787577101,8/20/2024 23:49,8/20/2024 23:49,8/20/2024 23:49,83916002.08,2652707.377,202924075.3,0,-105.9797101,96,8/20/2024,1
2158388,15,8/21/2024,251400271,173338282.1,17333.83,55.66,0,226.2393162,226.2905983,228.4358974,3.888888889,3.042735043,2.675213675,50.01239316,0.752818803,8/21/2024 22:19,8/21/2024 22:19,8/21/2024 22:19,84173419.97,2657522.188,203565716.8,0,-104.1367521,96,8/21/2024,1
2169950,15,8/22/2024,251400271,173745111.1,17374.51,40.68,0,225.9761905,225.7777778,228.1111111,4.103174603,3.682539683,3.333333333,50.01809524,0.817061905,8/22/2024 23:39,8/22/2024 23:39,8/22/2024 23:39,84338818.19,2667140.262,204038962.9,0,-104.6984127,96,8/22/2024,1
2172743,15,8/23/2024,251400271,174190521.4,17419.05,44.54,0,226.4358974,226.4017094,228.8290598,3.273504274,2.965811966,2.307692308,50.01376068,0.75564359,8/23/2024 23:49,8/23/2024 23:49,8/23/2024 23:49,84558521.48,2674742.026,204570313.3,0,-102.991453,96,8/23/2024,1
2175812,15,8/24/2024,251400271,174440452.4,17444.05,24.99,0,227.5357143,227.2142857,229.75,2.30952381,5.011904762,2.44047619,50.00642857,0.817211905,8/24/2024 23:49,8/24/2024 23:49,8/24/2024 23:49,84645720.69,2686658.321,204859709.5,0,-106.2857143,96,8/24/2024,1
2178809,15,8/25/2024,251400271,174961893.3,17496.19,52.14,0,227.4533333,227.8133333,230.0533333,4.533333333,4.146666667,3.893333333,50.01213333,0.815970667,8/25/2024 14:19,8/25/2024 14:19,8/25/2024 14:19,84893309.48,2695638.773,205470697.1,0,-108.2133333,96,8/25/2024,1
2188691,15,8/26/2024,251400271,176149142.9,17614.91,118.72,0,228.5714286,228.4285714,230.5714286,7,6.571428571,7.428571429,50.01857143,0.865371429,8/26/2024 23:39,8/26/2024 23:39,8/26/2024 23:39,85424646.14,2702669,206823321,0,-94.28571429,96,8/26/2024,1
2189130,15,8/27/2024,251400271,176508431.6,17650.84,35.93,0,226.482906,226.6196581,228.6495726,4.414529915,3.782051282,3.004273504,50.01047009,0.778659402,8/27/2024 22:19,8/27/2024 22:19,8/27/2024 22:19,85595959.98,2704301.936,207234996,0,-105.9188034,96,8/27/2024,1
2201495,15,8/28/2024,251400271,177376196.1,17737.62,86.78,0,225.9411765,225.5882353,227.7058824,5.666666667,6.529411765,6.156862745,50.00666667,0.822560784,8/28/2024 23:49,8/28/2024 23:49,8/28/2024 23:49,85970944.53,2711771.843,208215985.8,0,-109.1176471,96,8/28/2024,1
2205160,15,8/29/2024,251400271,177822125.4,17782.21,44.59,0,226.6656716,227.0597015,228.7791045,5.859701493,3.256716418,2.895522388,50.01185075,0.883138209,8/29/2024 23:49,8/29/2024 23:49,8/29/2024 23:49,86143815.91,2714949.301,208714125.8,0,-112.3940299,96,8/29/2024,1
2216574,15,8/30/2024,251400271,178300523.8,17830.05,47.84,0,227.952381,227.8809524,229.7380952,4.261904762,3.69047619,4.178571429,50.01833333,0.802839286,8/30/2024 23:49,8/30/2024 23:49,8/30/2024 23:49,86304978.93,2720194.512,209246422.4,0,-111.9404762,96,8/30/2024,1
2233703,15,8/31/2024,251400271,178709298.4,17870.93,40.88,0,227.6854839,227.7016129,229.1209677,2.258064516,2.419354839,3.879032258,50.02072581,0.800105645,8/31/2024 23:49,8/31/2024 23:49,8/31/2024 23:49,86496711.91,2727360.863,209725618.9,0,-112.3225806,96,8/31/2024,1
2250513,15,9/1/2024,251400271,179121397.4,17912.14,41.21,0,227.5384615,227.8076923,229.5,4.333333333,4.128205128,4.115384615,50.00666667,0.817970513,9/1/2024 23:49,9/1/2024 23:49,9/1/2024 23:49,86668279.55,2736010.603,210198559.2,0,-109.9358974,96,9/1/2024,1
2264994,15,9/2/2024,251400271,180091047.7,18009.10,96.97,0,226.4424342,226.1858553,228.7779605,5.809210526,5.756578947,4.720394737,50.01070724,0.823559539,9/2/2024 22:19,9/2/2024 22:19,9/2/2024 22:19,87113505.93,2738663.668,211296002.7,0,-109.9375,96,9/2/2024,1
2291582,15,9/3/2024,251400271,180780980.8,18078.10,68.99,0,227.0576923,228.1153846,230.1346154,4.961538462,3.557692308,3.076923077,50.00576923,0.793976923,9/3/2024 23:39,9/3/2024 23:39,9/3/2024 23:39,87493761.6,2747030.212,212125346.3,0,-106.8846154,96,9/3/2024,1
2299520,15,9/4/2024,251400271,181088474.4,18108.85,30.75,0,225.3846154,226,227.9358974,2.948717949,2.217948718,2.551282051,50.00525641,0.774435897,9/4/2024 23:39,9/4/2024 23:39,9/4/2024 23:39,87636408.42,2751657.09,212486109.5,0,-101.1410256,96,9/4/2024,1
2317224,15,9/5/2024,251400271,181486250,18148.63,39.78,0,228,227.9210526,230.1578947,3.473684211,3.184210526,2.578947368,50.00328947,0.770815789,9/5/2024 23:49,9/5/2024 23:49,9/5/2024 23:49,87782011.17,2763009.961,212944498.6,0,-105.3157895,96,9/5/2024,1
2339018,15,9/6/2024,251400271,181925132.7,18192.51,43.89,0,226.460177,226.4513274,228.4955752,3.336283186,2.96460177,2.283185841,50.0080531,0.729776106,9/6/2024 23:49,9/6/2024 23:49,9/6/2024 23:49,87984251.91,2770998.947,213460939.8,0,-107.2389381,96,9/6/2024,1
2361068,15,9/7/2024,251400271,182394481.9,18239.45,46.93,0,228.3975904,228.4578313,230.5421687,5.457831325,5.204819277,5.34939759,50.01012048,0.807554217,9/7/2024 23:49,9/7/2024 23:49,9/7/2024 23:49,88239806.69,2779666.169,214027257.1,0,-105.7349398,96,9/7/2024,1
2382326,15,9/8/2024,251400271,182980697.4,18298.07,58.62,0,227.0921053,227.5,229.3947368,7.368421053,5.565789474,5.184210526,50.01026316,0.828176316,9/8/2024 23:39,9/8/2024 23:39,9/8/2024 23:39,88608495.46,2783845.579,214744815,0,-111.8815789,96,9/8/2024,1
2403440,15,9/9/2024,251400271,183860734.2,18386.07,88.00,0,225.9367089,225.8860759,228.2658228,5.658227848,4.455696203,3.025316456,50.00303797,0.819982278,9/9/2024 23:49,9/9/2024 23:49,9/9/2024 23:49,89071323.52,2786895.949,215780175.2,0,-108.7974684,96,9/9/2024,1
2424056,15,9/10/2024,251400271,184509354.5,18450.94,64.86,0,226.1440678,225.8559322,228.3163842,4.508474576,3.88559322,2.555084746,50.01309322,0.777779237,9/10/2024 23:49,9/10/2024 23:49,9/10/2024 23:49,89315555.3,2796039.719,216515374.2,0,-106.210452,96,9/10/2024,1
2446691,15,9/11/2024,251400271,184973563,18497.36,46.42,0,226.6302521,226.5798319,228.8235294,3.277310924,2.991596639,2.529411765,50.01268908,0.755910084,9/11/2024 22:09,9/11/2024 22:09,9/11/2024 22:09,89536551.31,2803590.571,217061760.7,0,-108.5714286,96,9/11/2024,1
2480186,15,9/12/2024,251400271,185377166.7,18537.72,40.36,0,224.8333333,224.4583333,226.9791667,1.354166667,2.208333333,1.1875,50.01270833,0.63786875,9/12/2024 23:49,9/12/2024 23:49,9/12/2024 23:49,89730502.35,2814893.542,217542767.9,0,-112.0625,96,9/12/2024,1
2498281,15,9/13/2024,251400271,185795401.8,18579.54,41.82,0,226.2410714,226.1607143,228.6339286,3.991071429,4.339285714,2.589285714,50.01089286,0.780933036,9/13/2024 23:49,9/13/2024 23:49,9/13/2024 23:49,89945617.62,2821691.125,218042874.2,0,-111.4107143,96,9/13/2024,1
2523698,15,9/14/2024,251400271,186192009.2,18619.20,39.66,0,227.6422018,227.3577982,229.2293578,1.412844037,1.486238532,1.018348624,50.00926606,0.674168807,9/14/2024 22:19,9/14/2024 22:19,9/14/2024 22:19,90106401.83,2827541.294,218499593.7,0,-111.440367,96,9/14/2024,1
2556003,15,9/15/2024,251400271,186438400,18643.84,24.64,0,227.2375,226.9125,228.7625,1.9625,1.925,1.825,50.00675,0.80514375,9/15/2024 23:49,9/15/2024 23:49,9/15/2024 23:49,90195618.08,2844759.988,218787571.9,0,-112.45,96,9/15/2024,1
2575855,15,9/16/2024,251400271,186920168.1,18692.02,48.18,0,227.079646,226.9292035,229.1415929,4.778761062,5.371681416,5.274336283,50.01557522,0.872202655,9/16/2024 22:09,9/16/2024 22:09,9/16/2024 22:09,90425111.77,2849447.611,219339150.8,0,-113.3097345,96,9/16/2024,1
2609497,15,9/17/2024,251400271,187670311.8,18767.03,75.01,0,226.0537634,225.6344086,227.9892473,4.430107527,4.290322581,3.774193548,50.02107527,0.780439785,9/17/2024 23:49,9/17/2024 23:49,9/17/2024 23:49,90771560.58,2850867.086,220190305.2,0,-110.1612903,96,9/17/2024,1
2629972,15,9/18/2024,251400271,188155778.8,18815.58,48.55,0,226.7787611,226.380531,229.0176991,3.442477876,3.814159292,3.371681416,50.02106195,0.774002655,9/18/2024 22:39,9/18/2024 22:39,9/18/2024 22:39,90975136.5,2852627.779,220735967.5,0,-107.300885,96,9/18/2024,1
2665703,15,9/19/2024,251400271,188908463.4,18890.85,75.27,0,227.7560976,227.7073171,229.902439,4.195121951,4.146341463,3.512195122,50.02707317,0.806197561,9/19/2024 23:39,9/19/2024 23:39,9/19/2024 23:39,91294062.17,2856769.561,221587143.3,0,-108.8536585,96,9/19/2024,1
2674295,15,9/20/2024,251400271,189090533.3,18909.05,18.21,0,228.7333333,228.2,230.8,2.266666667,3.4,3.666666667,50.021,0.824726667,9/20/2024 6:39,9/20/2024 6:39,9/20/2024 6:39,91387318.2,2857774.567,221798635.4,0,-104.4,96,9/20/2024,1
2702167,15,9/21/2024,251400271,189890195.9,18989.02,79.97,0,227.4993103,227.2262069,228.0013793,3.611034483,2.987586207,5.713103448,50.01126897,0.90503931,9/21/2024 23:49,9/21/2024 23:49,9/21/2024 23:49,91660182.16,2868163.269,222681892.7,0,-110.177931,96,9/21/2024,1
2720740,15,9/22/2024,251400271,190163609.8,19016.36,27.34,0,228.4878049,228.0487805,229,1.195121951,1.097560976,4.12195122,50.02390244,0.920107317,9/22/2024 7:39,9/22/2024 7:39,9/22/2024 7:39,91745128.02,2874318.439,222985452.8,0,-107.3902439,96,9/22/2024,1
2729778,15,9/27/2024,251400271,193671741.9,19367.17,350.81,0,227.5806452,227.7419355,229.6129032,1.64516129,1.806451613,1.161290323,50.00645161,0.763796774,9/27/2024 23:49,9/27/2024 23:49,9/27/2024 23:49,92989071.1,2918826.387,226866599.8,0,-103.8064516,96,9/27/2024,1
2731563,15,9/28/2024,251400271,193991821.9,19399.18,32.01,0,228.4657534,228.4246575,229.4520548,6.01369863,4.178082192,6.493150685,50.02082192,0.900080822,9/28/2024 23:49,9/28/2024 23:49,9/28/2024 23:49,93051642.84,2932209.658,227209787.1,0,-108.0136986,96,9/28/2024,1
2734391,15,9/29/2024,251400271,194657259.3,19465.73,66.54,0,228.5555556,228.3518519,229.4259259,4.518518519,4.888888889,5.5,50.00833333,0.886044444,9/29/2024 18:39,9/29/2024 18:39,9/29/2024 18:39,93287667.98,2935482.241,227936606.1,0,-101.9259259,96,9/29/2024,1
2737642,15,9/30/2024,251400271,195412559.5,19541.26,75.53,0,226.3095238,226.1547619,227.7619048,2.845238095,4.857142857,6.464285714,50.0177381,0.88712619,9/30/2024 18:49,9/30/2024 18:49,9/30/2024 18:49,93587797.04,2937133.155,228776062.7,0,-102.0952381,96,9/30/2024,1
2740387,15,10/1/2024,251400271,195936981.1,19593.70,52.44,0,226.5377358,226.2641509,228.3679245,2.669811321,4.198113208,3.594339623,50.0259434,0.830681132,10/1/2024 23:49,10/1/2024 23:49,10/1/2024 23:49,93630764.14,2949826.783,229327266,0,-105.5754717,96,10/1/2024,1
2742968,15,10/2/2024,251400271,196495756.5,19649.58,55.88,0,226.1652174,226.2347826,228.1652174,3.72173913,3.026086957,4.043478261,50.00608696,0.844104348,10/2/2024 23:49,10/2/2024 23:49,10/2/2024 23:49,93831926.12,2962097.009,229955882.3,0,-105.626087,96,10/2/2024,1
2746056,15,10/3/2024,251400271,197048221.2,19704.82,55.25,0,226.4247788,226.6017699,228.5309735,4.371681416,3.03539823,2.884955752,50.01256637,0.836672566,10/3/2024 23:39,10/3/2024 23:39,10/3/2024 23:39,94032529.7,2977911.814,230581732.9,0,-105.9292035,96,10/3/2024,1
2748980,15,10/4/2024,251400271,197538820.5,19753.88,49.06,0,228.4102564,228.6666667,230.4871795,2.58974359,1.948717949,0.974358974,50.01282051,0.869707692,10/4/2024 23:49,10/4/2024 23:49,10/4/2024 23:49,94125848,3010111.282,231120576.7,0,-100.3589744,96,10/4/2024,1
2750088,15,10/5/2024,251400271,198012625,19801.26,47.38,0,228.4038462,228.5576923,230.2019231,7.144230769,6.509615385,5.663461538,50.01471154,0.825311538,10/5/2024 23:39,10/5/2024 23:39,10/5/2024 23:39,94386391.83,3023055.327,231688703.2,0,-100.4423077,96,10/5/2024,1
2754540,15,10/6/2024,251400271,198587578.3,19858.76,57.50,0,227.6385542,227.9277108,229.4457831,6.951807229,5.927710843,4.879518072,50.01120482,0.828331325,10/6/2024 18:39,10/6/2024 18:39,10/6/2024 18:39,94750508.28,3024176,232390911.6,0,-100.7710843,96,10/6/2024,1
2762030,15,10/7/2024,251400271,199464252.6,19946.43,87.67,0,226.6631579,226.6736842,228.4315789,2.789473684,2.326315789,4.231578947,50.01294737,0.882333684,10/7/2024 23:49,10/7/2024 23:49,10/7/2024 23:49,95121737.65,3034081.421,233397298.2,0,-99.98947368,96,10/7/2024,1
2767632,15,10/8/2024,251400271,200108010.8,20010.80,64.38,0,226.7014388,226.7482014,229.0935252,4.550359712,3.741007194,4.309352518,50.01546763,0.832305396,10/8/2024 23:39,10/8/2024 23:39,10/8/2024 23:39,95340259.43,3041986.18,234116880.9,0,-100.0503597,96,10/8/2024,1
2775764,15,10/9/2024,251400271,200604659.2,20060.47,49.66,0,225.8295964,226.1121076,228.2017937,3.816143498,3.399103139,3.197309417,50.00233184,0.75115157,10/9/2024 18:49,10/9/2024 18:49,10/9/2024 18:49,95560507.7,3045015.789,234690710.1,0,-101.9103139,96,10/9/2024,1
2783254,15,10/10/2024,251400271,200914750,20091.48,31.01,0,228,228,230,1,0,0,50.005,0.820975,10/10/2024 3:19,10/10/2024 3:19,10/10/2024 3:19,95668410.5,3051437.75,235041788,0,-106.25,96,10/10/2024,1
2783320,15,10/11/2024,251400271,201234150.7,20123.42,31.94,0,226.0958904,226.1780822,228.4794521,1.95890411,2.095890411,2.260273973,50.02027397,0.712986301,10/11/2024 23:49,10/11/2024 23:49,10/11/2024 23:49,95689178.42,3080443.973,235393398.2,0,-104.4520548,96,10/11/2024,1
2785360,15,10/12/2024,251400271,201689432.4,20168.94,45.53,0,228.5,228.6216216,229.8648649,1.472972973,2.202702703,4.891891892,50.01432432,0.854839189,10/12/2024 23:39,10/12/2024 23:39,10/12/2024 23:39,95881588.43,3088203.905,235920216.5,0,-106.1891892,96,10/12/2024,1
2788649,15,10/13/2024,251400271,202022844.7,20202.28,33.34,0,228.3883495,228.5825243,229.8349515,2.640776699,3.009708738,5.601941748,50.02165049,0.856504854,10/13/2024 23:49,10/13/2024 23:49,10/13/2024 23:49,95943090.09,3097120.495,236283861.7,0,-107.2912621,96,10/13/2024,1
2791690,15,10/14/2024,251400271,202695193,20269.52,67.23,0,226.7280702,226.9473684,229.2105263,3.921052632,3.421052632,2.447368421,50.01061404,0.811576316,10/14/2024 23:49,10/14/2024 23:49,10/14/2024 23:49,96263855.38,3105546.518,237073866,0,-102.3333333,96,10/14/2024,1
2794756,15,10/15/2024,251400271,203331269.8,20333.13,63.61,0,227.3015873,227.5714286,229.4603175,4.857142857,3.603174603,3.841269841,50.00365079,0.810436508,10/15/2024 23:49,10/15/2024 23:49,10/15/2024 23:49,96529186.43,3115166.635,237806729,0,-103.7301587,96,10/15/2024,1
2798015,15,10/16/2024,251400271,203711326.9,20371.13,38.01,0,226.5192308,226.8269231,228.8461538,3.903846154,2.269230769,1.846153846,50.02153846,0.779296154,10/16/2024 10:49,10/16/2024 10:49,10/16/2024 10:49,96683849.15,3119890.231,238242427.6,0,-107.1730769,96,10/16/2024,1
2801674,15,10/17/2024,251400271,204272712.9,20427.27,56.14,0,226.5940594,226.6831683,228.990099,3.079207921,1.425742574,1.930693069,50.02019802,0.769584158,10/17/2024 23:39,10/17/2024 23:39,10/17/2024 23:39,96866442.5,3127261.772,238868183.1,0,-103.7821782,96,10/17/2024,1
2804872,15,10/18/2024,251400271,204557500,20455.75,28.48,0,226.9875,227.175,229.6625,2.4875,2.85,2.1375,50.008375,0.77107,10/18/2024 23:39,10/18/2024 23:39,10/18/2024 23:39,96939633.43,3132806.938,239183936.6,0,-108.9,96,10/18/2024,1
2808498,15,10/19/2024,251400271,205009957.4,20501.00,45.25,0,228.1808511,228.3297872,229.9042553,4.734042553,5.563829787,6.670212766,50.02117021,0.87548617,10/19/2024 18:49,10/19/2024 18:49,10/19/2024 18:49,97159442.13,3136418,239707571.9,0,-107.5744681,96,10/19/2024,1
2814729,15,10/20/2024,251400271,206159882.4,20615.99,114.99,0,229.1764706,229.6470588,231.5882353,6.058823529,5,5,50.02235294,0.866794118,10/20/2024 23:39,10/20/2024 23:39,10/20/2024 23:39,97711241.41,3136418,241011903.3,0,-102.5294118,96,10/20/2024,1
2815425,15,10/21/2024,251400271,206529403.2,20652.94,36.95,0,228.0806452,228.1451613,230.483871,2.838709677,3.064516129,2.338709677,50.03129032,0.847253226,10/21/2024 23:49,10/21/2024 23:49,10/21/2024 23:49,97866537.5,3142777.952,241429415.8,0,-101.483871,96,10/21/2024,1
2817622,15,10/22/2024,251400271,207060773.3,20706.08,53.14,0,227.0666667,227,229.4666667,3.386666667,3.933333333,3.68,50.02426667,0.841276,10/22/2024 23:29,10/22/2024 23:29,10/22/2024 23:29,98049186.53,3160338.973,242021731.8,0,-105.3733333,96,10/22/2024,1
2821276,15,10/23/2024,251400271,207572931.4,20757.29,51.22,0,226.8228571,226.8857143,229.1371429,2.342857143,3.44,2.56,50.00954286,0.712731429,10/23/2024 23:49,10/23/2024 23:49,10/23/2024 23:49,98251474.2,3165176.503,242596913.7,0,-100.12,96,10/23/2024,1
2826135,15,10/24/2024,251400271,208239150.7,20823.92,66.62,0,227.630137,227.8082192,229.9041096,4.452054795,4.452054795,3.890410959,50.02630137,0.807628767,10/24/2024 23:49,10/24/2024 23:49,10/24/2024 23:49,98635973.12,3167638.877,243399375.8,0,-104.6575342,96,10/24/2024,1
2832847,15,10/25/2024,251400271,208741864.2,20874.19,50.27,0,226.5185185,226.6790123,228.654321,5.407407407,5.382716049,5.679012346,50.02481481,0.839104938,10/25/2024 23:49,10/25/2024 23:49,10/25/2024 23:49,98895882.16,3170115.494,243989171.7,0,-103.0987654,96,10/25/2024,1
2838861,15,10/26/2024,251400271,209345458.3,20934.55,60.36,0,228.3166667,228.6833333,230.825,5.991666667,1.875,0.791666667,50.021,0.902549167,10/26/2024 23:39,10/26/2024 23:39,10/26/2024 23:39,99131310.89,3177908.892,244678976,0,-109.3583333,96,10/26/2024,1
2844909,15,10/27/2024,251400271,209929864.9,20992.99,58.44,0,228.4054054,228.3783784,230.2252252,7.855855856,7.630630631,7.396396396,50.02954955,0.81792973,10/27/2024 23:49,10/27/2024 23:49,10/27/2024 23:49,99407710.96,3188919.369,245362962.3,0,-108.3513514,96,10/27/2024,1
2851033,15,10/28/2024,251400271,211085022.7,21108.50,115.52,0,223.3863636,223.1818182,225.1818182,6.886363636,7.488636364,7.511363636,50.01090909,0.850494318,10/28/2024 21:59,10/28/2024 21:59,10/28/2024 21:59,100141113.6,3190112.33,246759141.1,0,-104.1704545,96,10/28/2024,1
2859685,15,10/29/2024,251400271,211576534.1,21157.65,49.15,0,222.5340909,222.5227273,223.9772727,1.897727273,2.136363636,1.886363636,50.02613636,0.6995375,10/29/2024 23:49,10/29/2024 23:49,10/29/2024 23:49,100337025.4,3202567.636,247322175,0,-107.3295455,96,10/29/2024,1
2862411,15,10/30/2024,251400271,212016231.4,21201.62,43.97,0,223.6115702,223.5785124,225.2644628,4.239669421,4.181818182,3.851239669,50.02892562,0.815832231,10/30/2024 23:49,10/30/2024 23:49,10/30/2024 23:49,100507753.3,3206004.678,247812042,0,-109.3801653,96,10/30/2024,1
2865756,15,10/31/2024,251400271,212541495.4,21254.15,52.53,0,223.5779817,223.1009174,225.1834862,2.935779817,3.293577982,2.577981651,50.01752294,0.769025688,10/31/2024 23:49,10/31/2024 23:49,10/31/2024 23:49,100726047.5,3210198.761,248402453.4,0,-108.6697248,96,10/31/2024,1
2869369,15,11/1/2024,251400271,212857300,21285.73,31.58,0,226.0428571,225.3428571,227.4571429,2.028571429,3.014285714,2.585714286,50.01757143,0.715095714,11/1/2024 23:29,11/1/2024 23:29,11/1/2024 23:29,100853710,3216011.8,248763228.3,0,-106.6142857,96,11/1/2024,1
2873009,15,11/2/2024,251400271,213378671.6,21337.87,52.14,0,226.7910448,226.3134328,227.9253731,3.76119403,4.686567164,4.223880597,50.02328358,0.853635821,11/2/2024 23:49,11/2/2024 23:49,11/2/2024 23:49,101122165,3217947,249366076.7,0,-106.8656716,96,11/2/2024,1
2876700,15,11/3/2024,251400271,213814530.3,21381.45,43.59,0,226.5454545,226.2272727,228.0757576,3,4.166666667,3.348484848,50.03363636,0.839513636,11/3/2024 13:59,11/3/2024 13:59,11/3/2024 13:59,101354899.6,3218892.955,249872916.5,0,-104.0909091,96,11/3/2024,1
2881591,15,11/4/2024,251400271,214571505.7,21457.15,75.70,0,223.9425287,223.6206897,226.1954023,2.206896552,2.402298851,1.781609195,50.01,0.737603448,11/4/2024 23:39,11/4/2024 23:39,11/4/2024 23:39,101740277.2,3223589.874,250749751.8,0,-108.6321839,96,11/4/2024,1
2884159,15,11/5/2024,251400271,214782533.3,21478.25,21.10,0,227.3066667,227.1466667,229.04,0.64,1.56,0.133333333,50.00573333,0.749237333,11/5/2024 23:39,11/5/2024 23:39,11/5/2024 23:39,101776684.4,3230743.533,250979968.4,0,-107.8933333,96,11/5/2024,1
2888007,15,11/6/2024,251400271,215101357.1,21510.14,31.88,0,225.5089286,225.5267857,227.4107143,3.223214286,2.526785714,2.142857143,50.01741071,0.856346429,11/6/2024 23:49,11/6/2024 23:49,11/6/2024 23:49,101853309.4,3240825.759,251328071.4,0,-107.1339286,96,11/6/2024,1
2891893,15,11/7/2024,251400271,215552151.8,21555.22,45.08,0,223.8214286,223.5892857,225.8482143,3.839285714,3.607142857,3.017857143,50.01392857,0.788225893,11/7/2024 23:49,11/7/2024 23:49,11/7/2024 23:49,102020632.1,3246099.598,251831511.4,0,-104.8125,96,11/7/2024,1
2895562,15,11/8/2024,251400271,215939906.3,21593.99,38.78,0,224.84375,224.421875,226.203125,1.015625,1.4375,0.8125,50.00171875,0.621835938,11/8/2024 21:39,11/8/2024 21:39,11/8/2024 21:39,102182508.3,3250779.016,252273067.4,0,-103.046875,96,11/8/2024,1
2900035,15,11/9/2024,251400271,216237888.9,21623.79,29.80,0,225.2777778,224.8555556,226.8555556,3.955555556,3.7,3.455555556,50.01488889,0.83612,11/9/2024 23:49,11/9/2024 23:49,11/9/2024 23:49,102322846.6,3260030.756,252625251.5,0,-110.2333333,96,11/9/2024,1
2902869,15,11/10/2024,251400271,216710287,21671.03,47.24,0,225.1018519,224.6111111,226.75,4.185185185,4.685185185,4.203703704,50.01768519,0.836584259,11/10/2024 23:39,11/10/2024 23:39,11/10/2024 23:39,102581325.5,3265657.13,253183845.7,0,-109.5925926,96,11/10/2024,1
2906622,15,11/11/2024,251400271,217488463,21748.85,77.82,0,223.6481481,223.7037037,225.5925926,5.314814815,4.509259259,4.268518519,50.00824074,0.770834259,11/11/2024 21:59,11/11/2024 21:59,11/11/2024 21:59,103010460.1,3270147.778,254096748.9,0,-106.3703704,96,11/11/2024,1
2911259,15,11/12/2024,251400271,217906390.2,21790.64,41.79,0,223.097561,223.3780488,225.2560976,3.573170732,2.951219512,2.231707317,50.00926829,0.82927439,11/12/2024 23:49,11/12/2024 23:49,11/12/2024 23:49,103124495.4,3279417.646,254557516.2,0,-103.402439,96,11/12/2024,1
2914054,15,11/13/2024,251400271,218235250,21823.53,32.89,0,223.75625,223.89375,225.65625,1.53125,1.425,1.13125,50.0106875,0.722755,11/13/2024 23:29,11/13/2024 23:29,11/13/2024 23:29,103230825.8,3286745.306,254923321.6,0,-103.2125,96,11/13/2024,1
2920098,15,11/14/2024,251400271,218363459,21836.35,12.82,0,227.6721311,227.852459,229.9672131,1.016393443,0.950819672,0.213114754,50.01803279,0.729036066,11/14/2024 21:59,11/14/2024 21:59,11/14/2024 21:59,103250463.1,3297593.016,255068182.1,0,-102.3934426,96,11/14/2024,1
2929610,15,11/15/2024,251400271,218626617,21862.66,26.32,0,224.1914894,224.7446809,226.787234,5.617021277,4.127659574,3.191489362,50.01,0.848776596,11/15/2024 23:49,11/15/2024 23:49,11/15/2024 23:49,103295375.6,3311941.574,255354207,0,-98.89361702,96,11/15/2024,1
2935554,15,11/16/2024,251400271,218945064.9,21894.51,31.84,0,229.4025974,228.987013,230.9350649,1.87012987,2.090909091,1,50.03272727,0.81887013,11/16/2024 23:49,11/16/2024 23:49,11/16/2024 23:49,103443822.6,3319310.429,255729473.9,0,-97.32467532,96,11/16/2024,1
2943768,15,11/17/2024,251400271,219389546.9,21938.95,44.45,0,228.21875,227.859375,229.484375,3.046875,3.765625,4.65625,50.015,0.8932,11/17/2024 21:59,11/17/2024 21:59,11/17/2024 21:59,103655715.8,3325557.031,256245662,0,-100.015625,96,11/17/2024,1
2954364,15,11/18/2024,251400271,220047836.7,22004.78,65.83,0,224.4489796,224.9795918,226.7959184,3.653061224,2.489795918,2.326530612,50.00408163,0.759646939,11/18/2024 23:49,11/18/2024 23:49,11/18/2024 23:49,103922724.2,3328830.918,256981300,0,-99.93877551,96,11/18/2024,1
2960202,15,11/19/2024,251400271,220587500,22058.75,53.97,0,226.0810811,226.0405405,227.8513514,3.959459459,3.918918919,3.405405405,50.02337838,0.799786486,11/19/2024 23:49,11/19/2024 23:49,11/19/2024 23:49,104123830.9,3331635.257,257579747.1,0,-100.7837838,96,11/19/2024,1
2968182,15,11/20/2024,251400271,220986865.9,22098.69,39.94,0,225.695122,225.7804878,227.9146341,1.780487805,1.658536585,1.195121951,50.01134146,0.748447561,11/20/2024 16:39,11/20/2024 16:39,11/20/2024 16:39,104265689.9,3339613.012,258028361.3,0,-103.4756098,96,11/20/2024,1
2985797,15,11/22/2024,251400271,221944333.3,22194.43,95.75,0,224.5833333,224.5555556,226.6111111,0.388888889,0,1.861111111,50.00833333,0.703516667,11/22/2024 16:39,11/22/2024 16:39,11/22/2024 16:39,104619988.6,3353250.5,259108287.4,0,-103.4166667,96,11/22/2024,1
3000960,15,11/23/2024,251400271,222529675.7,22252.97,58.53,0,229.4324324,229.7027027,231.5675676,5.756756757,4.081081081,3.513513514,50.02783784,0.871056757,11/23/2024 23:39,11/23/2024 23:39,11/23/2024 23:39,104840268.8,3361003.919,259767400.6,0,-102.972973,96,11/23/2024,1
3005725,15,11/24/2024,251400271,223014182.9,22301.42,48.45,0,227.2195122,227.6219512,229.2317073,5.524390244,4.109756098,3.743902439,50.00695122,0.880057317,11/24/2024 23:29,11/24/2024 23:29,11/24/2024 23:29,105045451.5,3368529.976,260319947.9,0,-107.7317073,96,11/24/2024,1
3020637,15,11/28/2024,251400271,224935179.5,22493.52,192.10,0,223.1282051,224.1282051,225.8974359,2.307692308,2.487179487,3.923076923,50.02794872,0.766297436,11/28/2024 16:39,11/28/2024 16:39,11/28/2024 16:39,105971437.8,3391499.154,262551694.7,0,-99.74358974,96,11/28/2024,1
3023549,15,11/29/2024,251400271,225270476.2,22527.05,33.53,0,223.047619,224.2857143,225.5238095,1,0,0,50.03404762,0.577147619,11/29/2024 16:29,11/29/2024 16:29,11/29/2024 16:29,106104119.9,3402088.214,262943880.3,0,-102.9761905,96,11/29/2024,1
3026458,15,11/30/2024,251400271,225427454.5,22542.75,15.70,0,227.3636364,227.7575758,229.2121212,4.757575758,4.393939394,3.757575758,50.01484848,0.837878788,11/30/2024 16:39,11/30/2024 16:39,11/30/2024 16:39,106139209.5,3414510.667,263123879.8,0,-102.3636364,96,11/30/2024,1
3028469,15,12/1/2024,251400271,226316125,22631.61,88.87,0,227.0875,227.5375,228.925,8.275,8.1375,8.7125,50.014,0.82146625,12/1/2024 16:39,12/1/2024 16:39,12/1/2024 16:39,106712241.2,3415529,264208075.1,0,-103.4875,96,12/1/2024,1
3031449,15,12/2/2024,251400271,227402456.8,22740.25,108.63,0,227.7530864,227.8271605,229.6296296,4.654320988,4,4.654320988,50.01185185,0.803091358,12/2/2024 23:49,12/2/2024 23:49,12/2/2024 23:49,107366251.8,3419691.506,265516105.3,0,-106.7654321,96,12/2/2024,1
3034558,15,12/3/2024,251400271,227782746.8,22778.27,38.03,0,225.8860759,226.1265823,227.9113924,2.139240506,2.189873418,3.405063291,49.9978481,0.745924051,12/3/2024 14:59,12/3/2024 14:59,12/3/2024 14:59,107516848.7,3426326.165,265953962.1,0,-104.1139241,96,12/3/2024,1
3036685,15,12/4/2024,251400271,228176390.2,22817.64,39.36,0,227.7560976,227.4878049,229.6341463,0,0.853658537,0,50.00707317,0.584,12/4/2024 23:49,12/4/2024 23:49,12/4/2024 23:49,107641234.7,3439458.659,266399381.5,0,-106,96,12/4/2024,1
3037855,15,12/5/2024,251400271,228402873.4,22840.29,22.65,0,224.6835443,225,226.7088608,7.518987342,6.835443038,7.53164557,49.99860759,0.801697468,12/5/2024 16:39,12/5/2024 16:39,12/5/2024 16:39,107746215,3443183.861,266661503.8,0,-105.3924051,96,12/5/2024,1
3041147,15,12/6/2024,251400271,229269918.2,22926.99,86.70,0,226.6181818,226.8727273,228.7636364,1.509090909,1.8,1.890909091,50.01672727,0.743739091,12/6/2024 23:49,12/6/2024 23:49,12/6/2024 23:49,108227250.5,3450807.036,267691040.3,0,-106.0727273,96,12/6/2024,1
3044111,15,12/7/2024,251400271,229343333.3,22934.33,7.34,0,229.6666667,229.3333333,231.6666667,1,2,0,49.99,0.864766667,12/7/2024 0:29,12/7/2024 0:29,12/7/2024 0:29,108245213,3458292.333,267776528.3,0,-106.3333333,96,12/7/2024,1
3045277,15,12/9/2024,251400271,230150175.7,23015.02,80.68,0,228.1351351,227.9189189,229.9324324,5.22972973,5.337837838,4.743243243,50.03486486,0.842736486,12/9/2024 23:49,12/9/2024 23:49,12/9/2024 23:49,108683248.3,3490183.716,268757067.1,0,-106.3783784,96,12/9/2024,1
3048600,15,12/10/2024,251400271,230552788.1,23055.28,40.26,0,226.0338983,226.3220339,227.9576271,2.584745763,1.771186441,1.855932203,50.01389831,0.72435,12/10/2024 23:19,12/10/2024 23:19,12/10/2024 23:19,108882993,3500822.966,269237798.9,0,-104.1101695,96,12/10/2024,1
3052030,15,12/11/2024,251400271,230825228.3,23082.52,27.24,0,226.2440945,226.5590551,228.3149606,1.826771654,1.291338583,1.976377953,50.02188976,0.643779528,12/11/2024 23:49,12/11/2024 23:49,12/11/2024 23:49,109007302.6,3510495.945,269567994.9,0,-102.4251969,96,12/11/2024,1
3055088,15,12/12/2024,251400271,231059803.4,23105.98,23.46,0,226.5641026,226.6666667,228.3418803,2.247863248,1.256410256,2.076923077,50.00880342,0.678320513,12/12/2024 23:49,12/12/2024 23:49,12/12/2024 23:49,109075036.1,3519117.111,269838911.4,0,-104.0940171,96,12/12/2024,1
3058260,15,12/13/2024,251400271,231392600,23139.26,33.28,0,226.4956522,226.4608696,227.9913043,2.113043478,1.991304348,3.539130435,49.99773913,0.749887826,12/13/2024 23:49,12/13/2024 23:49,12/13/2024 23:49,109192933.6,3526424.704,270223460.1,0,-105.026087,96,12/13/2024,1
3061373,15,12/14/2024,251400271,232043234.2,23204.32,65.06,0,228.3963964,228.8198198,230.3783784,6.009009009,4.486486486,4.612612613,50.01099099,0.77858018,12/14/2024 23:49,12/14/2024 23:49,12/14/2024 23:49,109539230,3532776.766,270999390.6,0,-105.1891892,96,12/14/2024,1
3065702,15,12/15/2024,251400271,232913426.7,23291.34,87.02,0,226.8,227.2266667,228.96,6.773333333,7.053333333,5.906666667,50.01293333,0.798466667,12/15/2024 23:49,12/15/2024 23:49,12/15/2024 23:49,110125818.4,3533421,272080904.2,0,-107.0533333,96,12/15/2024,1
3071610,15,12/16/2024,251400271,233467819.4,23346.78,55.44,0,225.0972222,225.4444444,227.1805556,1.791666667,1.652777778,1.402777778,50.01055556,0.620177778,12/16/2024 23:49,12/16/2024 23:49,12/16/2024 23:49,110471953.9,3536269.111,272764600,0,-105.5972222,96,12/16/2024,1
3077348,15,12/17/2024,251400271,233919036.7,23391.90,45.12,0,226.0550459,226.706422,228.2201835,3.844036697,3.504587156,4.119266055,50.01688073,0.665876147,12/17/2024 23:49,12/17/2024 23:49,12/17/2024 23:49,110789498.1,3539107.872,273335704.3,0,-103.3211009,96,12/17/2024,1
3083528,15,12/18/2024,251400271,234262320,23426.23,34.33,0,227.36,227.3066667,229.0266667,2.933333333,2.08,2.733333333,50.02,0.715484,12/18/2024 23:39,12/18/2024 23:39,12/18/2024 23:39,110986715.8,3544333.147,273757909.4,0,-106.7466667,96,12/18/2024,1
3089572,15,12/19/2024,251400271,234523129.6,23452.31,26.08,0,226.1574074,226.4444444,228.5,2.194444444,1.824074074,1.935185185,50.03305556,0.63802963,12/19/2024 23:49,12/19/2024 23:49,12/19/2024 23:49,111115759.4,3551390.926,274076409.1,0,-105.5648148,96,12/19/2024,1
3095494,15,12/20/2024,251400271,234782666.7,23478.27,25.95,0,225.6133333,225.7733333,227.5733333,2.186666667,2.306666667,2.96,50.03066667,0.743692,12/20/2024 16:39,12/20/2024 16:39,12/20/2024 16:39,111252933.5,3558650.8,274392764.9,0,-103.6266667,96,12/20/2024,1
3101880,15,12/21/2024,251400271,235468270,23546.83,68.56,0,227.56,227.78,229.4,4.1,4.53,5.23,50.0111,0.765208,12/21/2024 23:49,12/21/2024 23:49,12/21/2024 23:49,111702444.4,3564835.65,275245340.1,0,-105.26,96,12/21/2024,1
3107668,15,12/22/2024,251400271,235907366.7,23590.74,43.91,0,227.0333333,227.5666667,228.95,5.783333333,5.15,4.833333333,50.029,0.810291667,12/22/2024 13:39,12/22/2024 13:39,12/22/2024 13:39,111963973,3566797.267,275778881.5,0,-107.8333333,96,12/22/2024,1
3111226,15,12/31/2024,251400271,242844506.8,24284.45,693.71,0,226.1369863,226.6849315,228.8219178,7.260273973,7,6.643835616,50.02890411,0.817343836,12/31/2024 23:49,12/31/2024 23:49,12/31/2024 23:49,115185977.1,3670953,283817371.4,0,-104.1780822,96,12/31/2024,1
